Domain Code,Domain,Area Code (M49),Area,Element Code,Element,Item Code (CPC),Item,Year Code,Year,Unit,Value,Flag,Flag Description
"QCL","Crops and livestock products","404","Kenya","5419","Yield","01701","Beans, dry","1961","1961","hg/ha","4783","E","Estimated value"
"QCL","Crops and livestock products","404","Kenya","5419","Yield","01701","Beans, dry","1962","1962","hg/ha","4783","E","Estimated value"
"QCL","Crops and livestock products","404","Kenya","5419","Yield","01701","Beans, dry","1963","1963","hg/ha","4783","E","Estimated value"
"QCL","Crops and livestock products","404","Kenya","5419","Yield","01701","Beans, dry","1964","1964","hg/ha","4783","E","Estimated value"
"QCL","Crops and livestock products","404","Kenya","5419","Yield","01701","Beans, dry","1965","1965","hg/ha","4783","E","Estimated value"
"QCL","Crops and livestock products","404","Kenya","5419","Yield","01701","Beans, dry","1966","1966","hg/ha","4783","E","Estimated value"
"QCL","Crops and livestock products","404","Kenya","5419","Yield","01701","Beans, dry","1967","1967","hg/ha","4783","E","Estimated value"
"QCL","Crops and livestock products","404","Kenya","5419","Yield","01701","Beans, dry","1968","1968","hg/ha","4783","E","Estimated value"
"QCL","Crops and livestock products","404","Kenya","5419","Yield","01701","Beans, dry","1969","1969","hg/ha","5600","E","Estimated value"
"QCL","Crops and livestock products","404","Kenya","5419","Yield","01701","Beans, dry","1970","1970","hg/ha","5333","E","Estimated value"
"QCL","Crops and livestock products","404","Kenya","5419","Yield","01701","Beans, dry","1971","1971","hg/ha","5556","E","Estimated value"
"QCL","Crops and livestock products","404","Kenya","5419","Yield","01701","Beans, dry","1972","1972","hg/ha","5556","E","Estimated value"
"QCL","Crops and livestock products","404","Kenya","5419","Yield","01701","Beans, dry","1973","1973","hg/ha","4800","E","Estimated value"
"QCL","Crops and livestock products","404","Kenya","5419","Yield","01701","Beans, dry","1974","1974","hg/ha","5556","E","Estimated value"
"QCL","Crops and livestock products","404","Kenya","5419","Yield","01701","Beans, dry","1975","1975","hg/ha","5714","E","Estimated value"
"QCL","Crops and livestock products","404","Kenya","5419","Yield","01701","Beans, dry","1976","1976","hg/ha","5806","E","Estimated value"
"QCL","Crops and livestock products","404","Kenya","5419","Yield","01701","Beans, dry","1977","1977","hg/ha","5429","E","Estimated value"
"QCL","Crops and livestock products","404","Kenya","5419","Yield","01701","Beans, dry","1978","1978","hg/ha","5676","E","Estimated value"
"QCL","Crops and livestock products","404","Kenya","5419","Yield","01701","Beans, dry","1979","1979","hg/ha","5789","E","Estimated value"
"QCL","Crops and livestock products","404","Kenya","5419","Yield","01701","Beans, dry","1980","1980","hg/ha","5476","E","Estimated value"
"QCL","Crops and livestock products","404","Kenya","5419","Yield","01701","Beans, dry","1981","1981","hg/ha","5814","E","Estimated value"
"QCL","Crops and livestock products","404","Kenya","5419","Yield","01701","Beans, dry","1982","1982","hg/ha","6222","E","Estimated value"
"QCL","Crops and livestock products","404","Kenya","5419","Yield","01701","Beans, dry","1983","1983","hg/ha","5814","E","Estimated value"
"QCL","Crops and livestock products","404","Kenya","5419","Yield","01701","Beans, dry","1984","1984","hg/ha","6122","E","Estimated value"
"QCL","Crops and livestock products","404","Kenya","5419","Yield","01701","Beans, dry","1985","1985","hg/ha","6122","E","Estimated value"
"QCL","Crops and livestock products","404","Kenya","5419","Yield","01701","Beans, dry","1986","1986","hg/ha","6154","E","Estimated value"
"QCL","Crops and livestock products","404","Kenya","5419","Yield","01701","Beans, dry","1987","1987","hg/ha","6364","E","Estimated value"
"QCL","Crops and livestock products","404","Kenya","5419","Yield","01701","Beans, dry","1988","1988","hg/ha","6552","E","Estimated value"
"QCL","Crops and livestock products","404","Kenya","5419","Yield","01701","Beans, dry","1989","1989","hg/ha","6315","E","Estimated value"
"QCL","Crops and livestock products","404","Kenya","5419","Yield","01701","Beans, dry","1990","1990","hg/ha","8382","E","Estimated value"
"QCL","Crops and livestock products","404","Kenya","5419","Yield","01701","Beans, dry","1991","1991","hg/ha","6651","E","Estimated value"
"QCL","Crops and livestock products","404","Kenya","5419","Yield","01701","Beans, dry","1992","1992","hg/ha","7641","E","Estimated value"
"QCL","Crops and livestock products","404","Kenya","5419","Yield","01701","Beans, dry","1993","1993","hg/ha","6508","E","Estimated value"
"QCL","Crops and livestock products","404","Kenya","5419","Yield","01701","Beans, dry","1994","1994","hg/ha","4319","E","Estimated value"
"QCL","Crops and livestock products","404","Kenya","5419","Yield","01701","Beans, dry","1995","1995","hg/ha","5217","E","Estimated value"
"QCL","Crops and livestock products","404","Kenya","5419","Yield","01701","Beans, dry","1996","1996","hg/ha","3136","E","Estimated value"
"QCL","Crops and livestock products","404","Kenya","5419","Yield","01701","Beans, dry","1997","1997","hg/ha","3127","E","Estimated value"
"QCL","Crops and livestock products","404","Kenya","5419","Yield","01701","Beans, dry","1998","1998","hg/ha","3845","E","Estimated value"
"QCL","Crops and livestock products","404","Kenya","5419","Yield","01701","Beans, dry","1999","1999","hg/ha","4742","E","Estimated value"
"QCL","Crops and livestock products","404","Kenya","5419","Yield","01701","Beans, dry","2000","2000","hg/ha","4300","E","Estimated value"
"QCL","Crops and livestock products","404","Kenya","5419","Yield","01701","Beans, dry","2001","2001","hg/ha","3808","E","Estimated value"
"QCL","Crops and livestock products","404","Kenya","5419","Yield","01701","Beans, dry","2002","2002","hg/ha","5177","E","Estimated value"
"QCL","Crops and livestock products","404","Kenya","5419","Yield","01701","Beans, dry","2003","2003","hg/ha","4780","E","Estimated value"
"QCL","Crops and livestock products","404","Kenya","5419","Yield","01701","Beans, dry","2004","2004","hg/ha","3526","E","Estimated value"
"QCL","Crops and livestock products","404","Kenya","5419","Yield","01701","Beans, dry","2005","2005","hg/ha","3696","E","Estimated value"
"QCL","Crops and livestock products","404","Kenya","5419","Yield","01701","Beans, dry","2006","2006","hg/ha","5343","E","Estimated value"
"QCL","Crops and livestock products","404","Kenya","5419","Yield","01701","Beans, dry","2007","2007","hg/ha","5079","E","Estimated value"
"QCL","Crops and livestock products","404","Kenya","5419","Yield","01701","Beans, dry","2008","2008","hg/ha","4128","E","Estimated value"
"QCL","Crops and livestock products","404","Kenya","5419","Yield","01701","Beans, dry","2009","2009","hg/ha","4844","E","Estimated value"
"QCL","Crops and livestock products","404","Kenya","5419","Yield","01701","Beans, dry","2010","2010","hg/ha","5666","E","Estimated value"
"QCL","Crops and livestock products","404","Kenya","5419","Yield","01701","Beans, dry","2011","2011","hg/ha","5572","E","Estimated value"
"QCL","Crops and livestock products","404","Kenya","5419","Yield","01701","Beans, dry","2012","2012","hg/ha","5897","E","Estimated value"
"QCL","Crops and livestock products","404","Kenya","5419","Yield","01701","Beans, dry","2013","2013","hg/ha","6594","E","Estimated value"
"QCL","Crops and livestock products","404","Kenya","5419","Yield","01701","Beans, dry","2014","2014","hg/ha","5853","E","Estimated value"
"QCL","Crops and livestock products","404","Kenya","5419","Yield","01701","Beans, dry","2015","2015","hg/ha","6150","E","Estimated value"
"QCL","Crops and livestock products","404","Kenya","5419","Yield","01701","Beans, dry","2016","2016","hg/ha","6215","E","Estimated value"
"QCL","Crops and livestock products","404","Kenya","5419","Yield","01701","Beans, dry","2017","2017","hg/ha","8210","E","Estimated value"
"QCL","Crops and livestock products","404","Kenya","5419","Yield","01701","Beans, dry","2018","2018","hg/ha","7110","E","Estimated value"
"QCL","Crops and livestock products","404","Kenya","5419","Yield","01701","Beans, dry","2019","2019","hg/ha","6284","E","Estimated value"
"QCL","Crops and livestock products","404","Kenya","5419","Yield","01701","Beans, dry","2020","2020","hg/ha","6747","E","Estimated value"
"QCL","Crops and livestock products","404","Kenya","5510","Production","01701","Beans, dry","1961","1961","tonnes","55000","E","Estimated value"
"QCL","Crops and livestock products","404","Kenya","5510","Production","01701","Beans, dry","1962","1962","tonnes","55000","E","Estimated value"
"QCL","Crops and livestock products","404","Kenya","5510","Production","01701","Beans, dry","1963","1963","tonnes","55000","E","Estimated value"
"QCL","Crops and livestock products","404","Kenya","5510","Production","01701","Beans, dry","1964","1964","tonnes","55000","E","Estimated value"
"QCL","Crops and livestock products","404","Kenya","5510","Production","01701","Beans, dry","1965","1965","tonnes","55000","E","Estimated value"
"QCL","Crops and livestock products","404","Kenya","5510","Production","01701","Beans, dry","1966","1966","tonnes","55000","E","Estimated value"
"QCL","Crops and livestock products","404","Kenya","5510","Production","01701","Beans, dry","1967","1967","tonnes","55000","E","Estimated value"
"QCL","Crops and livestock products","404","Kenya","5510","Production","01701","Beans, dry","1968","1968","tonnes","55000","E","Estimated value"
"QCL","Crops and livestock products","404","Kenya","5510","Production","01701","Beans, dry","1969","1969","tonnes","70000","E","Estimated value"
"QCL","Crops and livestock products","404","Kenya","5510","Production","01701","Beans, dry","1970","1970","tonnes","80000","E","Estimated value"
"QCL","Crops and livestock products","404","Kenya","5510","Production","01701","Beans, dry","1971","1971","tonnes","100000","E","Estimated value"
"QCL","Crops and livestock products","404","Kenya","5510","Production","01701","Beans, dry","1972","1972","tonnes","100000","E","Estimated value"
"QCL","Crops and livestock products","404","Kenya","5510","Production","01701","Beans, dry","1973","1973","tonnes","120000","E","Estimated value"
"QCL","Crops and livestock products","404","Kenya","5510","Production","01701","Beans, dry","1974","1974","tonnes","150000","E","Estimated value"
"QCL","Crops and livestock products","404","Kenya","5510","Production","01701","Beans, dry","1975","1975","tonnes","160000","E","Estimated value"
"QCL","Crops and livestock products","404","Kenya","5510","Production","01701","Beans, dry","1976","1976","tonnes","180000","E","Estimated value"
"QCL","Crops and livestock products","404","Kenya","5510","Production","01701","Beans, dry","1977","1977","tonnes","190000","E","Estimated value"
"QCL","Crops and livestock products","404","Kenya","5510","Production","01701","Beans, dry","1978","1978","tonnes","210000","E","Estimated value"
"QCL","Crops and livestock products","404","Kenya","5510","Production","01701","Beans, dry","1979","1979","tonnes","220000","E","Estimated value"
"QCL","Crops and livestock products","404","Kenya","5510","Production","01701","Beans, dry","1980","1980","tonnes","230000","E","Estimated value"
"QCL","Crops and livestock products","404","Kenya","5510","Production","01701","Beans, dry","1981","1981","tonnes","250000","E","Estimated value"
"QCL","Crops and livestock products","404","Kenya","5510","Production","01701","Beans, dry","1982","1982","tonnes","280000","E","Estimated value"
"QCL","Crops and livestock products","404","Kenya","5510","Production","01701","Beans, dry","1983","1983","tonnes","250000","E","Estimated value"
"QCL","Crops and livestock products","404","Kenya","5510","Production","01701","Beans, dry","1984","1984","tonnes","300000","E","Estimated value"
"QCL","Crops and livestock products","404","Kenya","5510","Production","01701","Beans, dry","1985","1985","tonnes","300000","E","Estimated value"
"QCL","Crops and livestock products","404","Kenya","5510","Production","01701","Beans, dry","1986","1986","tonnes","320000","E","Estimated value"
"QCL","Crops and livestock products","404","Kenya","5510","Production","01701","Beans, dry","1987","1987","tonnes","350000","E","Estimated value"
"QCL","Crops and livestock products","404","Kenya","5510","Production","01701","Beans, dry","1988","1988","tonnes","380000","E","Estimated value"
"QCL","Crops and livestock products","404","Kenya","5510","Production","01701","Beans, dry","1989","1989","tonnes","422235","A","Official figure"
"QCL","Crops and livestock products","404","Kenya","5510","Production","01701","Beans, dry","1990","1990","tonnes","420034","A","Official figure"
"QCL","Crops and livestock products","404","Kenya","5510","Production","01701","Beans, dry","1991","1991","tonnes","400107","A","Official figure"
"QCL","Crops and livestock products","404","Kenya","5510","Production","01701","Beans, dry","1992","1992","tonnes","449828","A","Official figure"
"QCL","Crops and livestock products","404","Kenya","5510","Production","01701","Beans, dry","1993","1993","tonnes","408681","A","Official figure"
"QCL","Crops and livestock products","404","Kenya","5510","Production","01701","Beans, dry","1994","1994","tonnes","279000","A","Official figure"
"QCL","Crops and livestock products","404","Kenya","5510","Production","01701","Beans, dry","1995","1995","tonnes","398361","A","Official figure"
"QCL","Crops and livestock products","404","Kenya","5510","Production","01701","Beans, dry","1996","1996","tonnes","207000","A","Official figure"
"QCL","Crops and livestock products","404","Kenya","5510","Production","01701","Beans, dry","1997","1997","tonnes","234940","A","Official figure"
"QCL","Crops and livestock products","404","Kenya","5510","Production","01701","Beans, dry","1998","1998","tonnes","269065","A","Official figure"
"QCL","Crops and livestock products","404","Kenya","5510","Production","01701","Beans, dry","1999","1999","tonnes","391825","A","Official figure"
"QCL","Crops and livestock products","404","Kenya","5510","Production","01701","Beans, dry","2000","2000","tonnes","331426","A","Official figure"
"QCL","Crops and livestock products","404","Kenya","5510","Production","01701","Beans, dry","2001","2001","tonnes","331426","A","Official figure"
"QCL","Crops and livestock products","404","Kenya","5510","Production","01701","Beans, dry","2002","2002","tonnes","480792","A","Official figure"
"QCL","Crops and livestock products","404","Kenya","5510","Production","01701","Beans, dry","2003","2003","tonnes","428796","A","Official figure"
"QCL","Crops and livestock products","404","Kenya","5510","Production","01701","Beans, dry","2004","2004","tonnes","277501","A","Official figure"
"QCL","Crops and livestock products","404","Kenya","5510","Production","01701","Beans, dry","2005","2005","tonnes","382307","A","Official figure"
"QCL","Crops and livestock products","404","Kenya","5510","Production","01701","Beans, dry","2006","2006","tonnes","531800","A","Official figure"
"QCL","Crops and livestock products","404","Kenya","5510","Production","01701","Beans, dry","2007","2007","tonnes","429839","A","Official figure"
"QCL","Crops and livestock products","404","Kenya","5510","Production","01701","Beans, dry","2008","2008","tonnes","265006","A","Official figure"
"QCL","Crops and livestock products","404","Kenya","5510","Production","01701","Beans, dry","2009","2009","tonnes","465363","A","Official figure"
"QCL","Crops and livestock products","404","Kenya","5510","Production","01701","Beans, dry","2010","2010","tonnes","390598","A","Official figure"
"QCL","Crops and livestock products","404","Kenya","5510","Production","01701","Beans, dry","2011","2011","tonnes","577674","A","Official figure"
"QCL","Crops and livestock products","404","Kenya","5510","Production","01701","Beans, dry","2012","2012","tonnes","622759","A","Official figure"
"QCL","Crops and livestock products","404","Kenya","5510","Production","01701","Beans, dry","2013","2013","tonnes","714492","A","Official figure"
"QCL","Crops and livestock products","404","Kenya","5510","Production","01701","Beans, dry","2014","2014","tonnes","615992","A","Official figure"
"QCL","Crops and livestock products","404","Kenya","5510","Production","01701","Beans, dry","2015","2015","tonnes","765000","A","Official figure"
"QCL","Crops and livestock products","404","Kenya","5510","Production","01701","Beans, dry","2016","2016","tonnes","728160","A","Official figure"
"QCL","Crops and livestock products","404","Kenya","5510","Production","01701","Beans, dry","2017","2017","tonnes","846000","A","Official figure"
"QCL","Crops and livestock products","404","Kenya","5510","Production","01701","Beans, dry","2018","2018","tonnes","837000","A","Official figure"
"QCL","Crops and livestock products","404","Kenya","5510","Production","01701","Beans, dry","2019","2019","tonnes","747000","A","Official figure"
"QCL","Crops and livestock products","404","Kenya","5510","Production","01701","Beans, dry","2020","2020","tonnes","774366","A","Official figure"
"QCL","Crops and livestock products","404","Kenya","5419","Yield","01610","Coffee, green","1961","1961","hg/ha","6748","T","Unofficial figure"
"QCL","Crops and livestock products","404","Kenya","5419","Yield","01610","Coffee, green","1962","1962","hg/ha","7042","I","Imputed value"
"QCL","Crops and livestock products","404","Kenya","5419","Yield","01610","Coffee, green","1963","1963","hg/ha","6940","T","Unofficial figure"
"QCL","Crops and livestock products","404","Kenya","5419","Yield","01610","Coffee, green","1964","1964","hg/ha","5060","T","Unofficial figure"
"QCL","Crops and livestock products","404","Kenya","5419","Yield","01610","Coffee, green","1965","1965","hg/ha","4735","T","Unofficial figure"
"QCL","Crops and livestock products","404","Kenya","5419","Yield","01610","Coffee, green","1966","1966","hg/ha","6667","T","Unofficial figure"
"QCL","Crops and livestock products","404","Kenya","5419","Yield","01610","Coffee, green","1967","1967","hg/ha","5621","T","Unofficial figure"
"QCL","Crops and livestock products","404","Kenya","5419","Yield","01610","Coffee, green","1968","1968","hg/ha","4660","T","Unofficial figure"
"QCL","Crops and livestock products","404","Kenya","5419","Yield","01610","Coffee, green","1969","1969","hg/ha","6166","T","Unofficial figure"
"QCL","Crops and livestock products","404","Kenya","5419","Yield","01610","Coffee, green","1970","1970","hg/ha","6860","T","Unofficial figure"
"QCL","Crops and livestock products","404","Kenya","5419","Yield","01610","Coffee, green","1971","1971","hg/ha","7001","T","Unofficial figure"
"QCL","Crops and livestock products","404","Kenya","5419","Yield","01610","Coffee, green","1972","1972","hg/ha","7011","I","Imputed value"
"QCL","Crops and livestock products","404","Kenya","5419","Yield","01610","Coffee, green","1973","1973","hg/ha","7049","I","Imputed value"
"QCL","Crops and livestock products","404","Kenya","5419","Yield","01610","Coffee, green","1974","1974","hg/ha","7010","I","Imputed value"
"QCL","Crops and livestock products","404","Kenya","5419","Yield","01610","Coffee, green","1975","1975","hg/ha","5960","E","Estimated value"
"QCL","Crops and livestock products","404","Kenya","5419","Yield","01610","Coffee, green","1976","1976","hg/ha","7595","E","Estimated value"
"QCL","Crops and livestock products","404","Kenya","5419","Yield","01610","Coffee, green","1977","1977","hg/ha","7820","E","Estimated value"
"QCL","Crops and livestock products","404","Kenya","5419","Yield","01610","Coffee, green","1978","1978","hg/ha","6912","I","Imputed value"
"QCL","Crops and livestock products","404","Kenya","5419","Yield","01610","Coffee, green","1979","1979","hg/ha","6301","E","Estimated value"
"QCL","Crops and livestock products","404","Kenya","5419","Yield","01610","Coffee, green","1980","1980","hg/ha","8919","E","Estimated value"
"QCL","Crops and livestock products","404","Kenya","5419","Yield","01610","Coffee, green","1981","1981","hg/ha","8479","E","Estimated value"
"QCL","Crops and livestock products","404","Kenya","5419","Yield","01610","Coffee, green","1982","1982","hg/ha","6669","E","Estimated value"
"QCL","Crops and livestock products","404","Kenya","5419","Yield","01610","Coffee, green","1983","1983","hg/ha","6395","E","Estimated value"
"QCL","Crops and livestock products","404","Kenya","5419","Yield","01610","Coffee, green","1984","1984","hg/ha","7903","E","Estimated value"
"QCL","Crops and livestock products","404","Kenya","5419","Yield","01610","Coffee, green","1985","1985","hg/ha","6158","E","Estimated value"
"QCL","Crops and livestock products","404","Kenya","5419","Yield","01610","Coffee, green","1986","1986","hg/ha","7289","E","Estimated value"
"QCL","Crops and livestock products","404","Kenya","5419","Yield","01610","Coffee, green","1987","1987","hg/ha","6775","E","Estimated value"
"QCL","Crops and livestock products","404","Kenya","5419","Yield","01610","Coffee, green","1988","1988","hg/ha","8234","E","Estimated value"
"QCL","Crops and livestock products","404","Kenya","5419","Yield","01610","Coffee, green","1989","1989","hg/ha","7636","E","Estimated value"
"QCL","Crops and livestock products","404","Kenya","5419","Yield","01610","Coffee, green","1990","1990","hg/ha","6786","E","Estimated value"
"QCL","Crops and livestock products","404","Kenya","5419","Yield","01610","Coffee, green","1991","1991","hg/ha","5560","E","Estimated value"
"QCL","Crops and livestock products","404","Kenya","5419","Yield","01610","Coffee, green","1992","1992","hg/ha","5546","E","Estimated value"
"QCL","Crops and livestock products","404","Kenya","5419","Yield","01610","Coffee, green","1993","1993","hg/ha","4747","E","Estimated value"
"QCL","Crops and livestock products","404","Kenya","5419","Yield","01610","Coffee, green","1994","1994","hg/ha","5035","E","Estimated value"
"QCL","Crops and livestock products","404","Kenya","5419","Yield","01610","Coffee, green","1995","1995","hg/ha","5944","E","Estimated value"
"QCL","Crops and livestock products","404","Kenya","5419","Yield","01610","Coffee, green","1996","1996","hg/ha","5523","E","Estimated value"
"QCL","Crops and livestock products","404","Kenya","5419","Yield","01610","Coffee, green","1997","1997","hg/ha","3880","E","Estimated value"
"QCL","Crops and livestock products","404","Kenya","5419","Yield","01610","Coffee, green","1998","1998","hg/ha","3009","E","Estimated value"
"QCL","Crops and livestock products","404","Kenya","5419","Yield","01610","Coffee, green","1999","1999","hg/ha","4006","E","Estimated value"
"QCL","Crops and livestock products","404","Kenya","5419","Yield","01610","Coffee, green","2000","2000","hg/ha","5924","E","Estimated value"
"QCL","Crops and livestock products","404","Kenya","5419","Yield","01610","Coffee, green","2001","2001","hg/ha","3041","E","Estimated value"
"QCL","Crops and livestock products","404","Kenya","5419","Yield","01610","Coffee, green","2002","2002","hg/ha","3053","E","Estimated value"
"QCL","Crops and livestock products","404","Kenya","5419","Yield","01610","Coffee, green","2003","2003","hg/ha","3261","E","Estimated value"
"QCL","Crops and livestock products","404","Kenya","5419","Yield","01610","Coffee, green","2004","2004","hg/ha","2849","E","Estimated value"
"QCL","Crops and livestock products","404","Kenya","5419","Yield","01610","Coffee, green","2005","2005","hg/ha","2659","E","Estimated value"
"QCL","Crops and livestock products","404","Kenya","5419","Yield","01610","Coffee, green","2006","2006","hg/ha","2841","E","Estimated value"
"QCL","Crops and livestock products","404","Kenya","5419","Yield","01610","Coffee, green","2007","2007","hg/ha","3274","E","Estimated value"
"QCL","Crops and livestock products","404","Kenya","5419","Yield","01610","Coffee, green","2008","2008","hg/ha","2710","E","Estimated value"
"QCL","Crops and livestock products","404","Kenya","5419","Yield","01610","Coffee, green","2009","2009","hg/ha","3375","E","Estimated value"
"QCL","Crops and livestock products","404","Kenya","5419","Yield","01610","Coffee, green","2010","2010","hg/ha","2625","E","Estimated value"
"QCL","Crops and livestock products","404","Kenya","5419","Yield","01610","Coffee, green","2011","2011","hg/ha","3140","E","Estimated value"
"QCL","Crops and livestock products","404","Kenya","5419","Yield","01610","Coffee, green","2012","2012","hg/ha","4463","E","Estimated value"
"QCL","Crops and livestock products","404","Kenya","5419","Yield","01610","Coffee, green","2013","2013","hg/ha","3625","E","Estimated value"
"QCL","Crops and livestock products","404","Kenya","5419","Yield","01610","Coffee, green","2014","2014","hg/ha","4500","E","Estimated value"
"QCL","Crops and livestock products","404","Kenya","5419","Yield","01610","Coffee, green","2015","2015","hg/ha","3700","E","Estimated value"
"QCL","Crops and livestock products","404","Kenya","5419","Yield","01610","Coffee, green","2016","2016","hg/ha","4044","E","Estimated value"
"QCL","Crops and livestock products","404","Kenya","5419","Yield","01610","Coffee, green","2017","2017","hg/ha","3367","E","Estimated value"
"QCL","Crops and livestock products","404","Kenya","5419","Yield","01610","Coffee, green","2018","2018","hg/ha","3580","E","Estimated value"
"QCL","Crops and livestock products","404","Kenya","5419","Yield","01610","Coffee, green","2019","2019","hg/ha","3721","E","Estimated value"
"QCL","Crops and livestock products","404","Kenya","5419","Yield","01610","Coffee, green","2020","2020","hg/ha","3083","E","Estimated value"
"QCL","Crops and livestock products","404","Kenya","5510","Production","01610","Coffee, green","1961","1961","tonnes","28100","A","Official figure"
"QCL","Crops and livestock products","404","Kenya","5510","Production","01610","Coffee, green","1962","1962","tonnes","50000","A","Official figure"
"QCL","Crops and livestock products","404","Kenya","5510","Production","01610","Coffee, green","1963","1963","tonnes","40500","A","Official figure"
"QCL","Crops and livestock products","404","Kenya","5510","Production","01610","Coffee, green","1964","1964","tonnes","41400","A","Official figure"
"QCL","Crops and livestock products","404","Kenya","5510","Production","01610","Coffee, green","1965","1965","tonnes","39300","A","Official figure"
"QCL","Crops and livestock products","404","Kenya","5510","Production","01610","Coffee, green","1966","1966","tonnes","56900","A","Official figure"
"QCL","Crops and livestock products","404","Kenya","5510","Production","01610","Coffee, green","1967","1967","tonnes","48000","A","Official figure"
"QCL","Crops and livestock products","404","Kenya","5510","Production","01610","Coffee, green","1968","1968","tonnes","39600","A","Official figure"
"QCL","Crops and livestock products","404","Kenya","5510","Production","01610","Coffee, green","1969","1969","tonnes","52400","A","Official figure"
"QCL","Crops and livestock products","404","Kenya","5510","Production","01610","Coffee, green","1970","1970","tonnes","58300","A","Official figure"
"QCL","Crops and livestock products","404","Kenya","5510","Production","01610","Coffee, green","1971","1971","tonnes","59500","A","Official figure"
"QCL","Crops and livestock products","404","Kenya","5510","Production","01610","Coffee, green","1972","1972","tonnes","62048","A","Official figure"
"QCL","Crops and livestock products","404","Kenya","5510","Production","01610","Coffee, green","1973","1973","tonnes","71190","A","Official figure"
"QCL","Crops and livestock products","404","Kenya","5510","Production","01610","Coffee, green","1974","1974","tonnes","70103","A","Official figure"
"QCL","Crops and livestock products","404","Kenya","5510","Production","01610","Coffee, green","1975","1975","tonnes","66152","A","Official figure"
"QCL","Crops and livestock products","404","Kenya","5510","Production","01610","Coffee, green","1976","1976","tonnes","80303","A","Official figure"
"QCL","Crops and livestock products","404","Kenya","5510","Production","01610","Coffee, green","1977","1977","tonnes","101218","A","Official figure"
"QCL","Crops and livestock products","404","Kenya","5510","Production","01610","Coffee, green","1978","1978","tonnes","84332","A","Official figure"
"QCL","Crops and livestock products","404","Kenya","5510","Production","01610","Coffee, green","1979","1979","tonnes","75082","A","Official figure"
"QCL","Crops and livestock products","404","Kenya","5510","Production","01610","Coffee, green","1980","1980","tonnes","91334","A","Official figure"
"QCL","Crops and livestock products","404","Kenya","5510","Production","01610","Coffee, green","1981","1981","tonnes","99717","A","Official figure"
"QCL","Crops and livestock products","404","Kenya","5510","Production","01610","Coffee, green","1982","1982","tonnes","87436","A","Official figure"
"QCL","Crops and livestock products","404","Kenya","5510","Production","01610","Coffee, green","1983","1983","tonnes","86064","A","Official figure"
"QCL","Crops and livestock products","404","Kenya","5510","Production","01610","Coffee, green","1984","1984","tonnes","118500","A","Official figure"
"QCL","Crops and livestock products","404","Kenya","5510","Production","01610","Coffee, green","1985","1985","tonnes","93600","A","Official figure"
"QCL","Crops and livestock products","404","Kenya","5510","Production","01610","Coffee, green","1986","1986","tonnes","113926","A","Official figure"
"QCL","Crops and livestock products","404","Kenya","5510","Production","01610","Coffee, green","1987","1987","tonnes","104679","A","Official figure"
"QCL","Crops and livestock products","404","Kenya","5510","Production","01610","Coffee, green","1988","1988","tonnes","128700","A","Official figure"
"QCL","Crops and livestock products","404","Kenya","5510","Production","01610","Coffee, green","1989","1989","tonnes","116900","A","Official figure"
"QCL","Crops and livestock products","404","Kenya","5510","Production","01610","Coffee, green","1990","1990","tonnes","103900","A","Official figure"
"QCL","Crops and livestock products","404","Kenya","5510","Production","01610","Coffee, green","1991","1991","tonnes","86400","A","Official figure"
"QCL","Crops and livestock products","404","Kenya","5510","Production","01610","Coffee, green","1992","1992","tonnes","85300","A","Official figure"
"QCL","Crops and livestock products","404","Kenya","5510","Production","01610","Coffee, green","1993","1993","tonnes","75100","A","Official figure"
"QCL","Crops and livestock products","404","Kenya","5510","Production","01610","Coffee, green","1994","1994","tonnes","79900","A","Official figure"
"QCL","Crops and livestock products","404","Kenya","5510","Production","01610","Coffee, green","1995","1995","tonnes","95400","A","Official figure"
"QCL","Crops and livestock products","404","Kenya","5510","Production","01610","Coffee, green","1996","1996","tonnes","97976","A","Official figure"
"QCL","Crops and livestock products","404","Kenya","5510","Production","01610","Coffee, green","1997","1997","tonnes","68642","A","Official figure"
"QCL","Crops and livestock products","404","Kenya","5510","Production","01610","Coffee, green","1998","1998","tonnes","53715","A","Official figure"
"QCL","Crops and livestock products","404","Kenya","5510","Production","01610","Coffee, green","1999","1999","tonnes","68100","A","Official figure"
"QCL","Crops and livestock products","404","Kenya","5510","Production","01610","Coffee, green","2000","2000","tonnes","100700","A","Official figure"
"QCL","Crops and livestock products","404","Kenya","5510","Production","01610","Coffee, green","2001","2001","tonnes","51700","A","Official figure"
"QCL","Crops and livestock products","404","Kenya","5510","Production","01610","Coffee, green","2002","2002","tonnes","51900","A","Official figure"
"QCL","Crops and livestock products","404","Kenya","5510","Production","01610","Coffee, green","2003","2003","tonnes","55443","A","Official figure"
"QCL","Crops and livestock products","404","Kenya","5510","Production","01610","Coffee, green","2004","2004","tonnes","48431","A","Official figure"
"QCL","Crops and livestock products","404","Kenya","5510","Production","01610","Coffee, green","2005","2005","tonnes","45200","A","Official figure"
"QCL","Crops and livestock products","404","Kenya","5510","Production","01610","Coffee, green","2006","2006","tonnes","48300","A","Official figure"
"QCL","Crops and livestock products","404","Kenya","5510","Production","01610","Coffee, green","2007","2007","tonnes","53368","A","Official figure"
"QCL","Crops and livestock products","404","Kenya","5510","Production","01610","Coffee, green","2008","2008","tonnes","42000","A","Official figure"
"QCL","Crops and livestock products","404","Kenya","5510","Production","01610","Coffee, green","2009","2009","tonnes","54000","A","Official figure"
"QCL","Crops and livestock products","404","Kenya","5510","Production","01610","Coffee, green","2010","2010","tonnes","42000","A","Official figure"
"QCL","Crops and livestock products","404","Kenya","5510","Production","01610","Coffee, green","2011","2011","tonnes","36300","A","Official figure"
"QCL","Crops and livestock products","404","Kenya","5510","Production","01610","Coffee, green","2012","2012","tonnes","49000","A","Official figure"
"QCL","Crops and livestock products","404","Kenya","5510","Production","01610","Coffee, green","2013","2013","tonnes","39800","A","Official figure"
"QCL","Crops and livestock products","404","Kenya","5510","Production","01610","Coffee, green","2014","2014","tonnes","49500","A","Official figure"
"QCL","Crops and livestock products","404","Kenya","5510","Production","01610","Coffee, green","2015","2015","tonnes","42000","A","Official figure"
"QCL","Crops and livestock products","404","Kenya","5510","Production","01610","Coffee, green","2016","2016","tonnes","46100","A","Official figure"
"QCL","Crops and livestock products","404","Kenya","5510","Production","01610","Coffee, green","2017","2017","tonnes","38620","A","Official figure"
"QCL","Crops and livestock products","404","Kenya","5510","Production","01610","Coffee, green","2018","2018","tonnes","41375","A","Official figure"
"QCL","Crops and livestock products","404","Kenya","5510","Production","01610","Coffee, green","2019","2019","tonnes","44500","A","Official figure"
"QCL","Crops and livestock products","404","Kenya","5510","Production","01610","Coffee, green","2020","2020","tonnes","36900","A","Official figure"
"QCL","Crops and livestock products","404","Kenya","5419","Yield","01510","Potatoes","1961","1961","hg/ha","71852","I","Imputed value"
"QCL","Crops and livestock products","404","Kenya","5419","Yield","01510","Potatoes","1962","1962","hg/ha","71852","E","Estimated value"
"QCL","Crops and livestock products","404","Kenya","5419","Yield","01510","Potatoes","1963","1963","hg/ha","70909","E","Estimated value"
"QCL","Crops and livestock products","404","Kenya","5419","Yield","01510","Potatoes","1964","1964","hg/ha","70370","E","Estimated value"
"QCL","Crops and livestock products","404","Kenya","5419","Yield","01510","Potatoes","1965","1965","hg/ha","70370","E","Estimated value"
"QCL","Crops and livestock products","404","Kenya","5419","Yield","01510","Potatoes","1966","1966","hg/ha","70909","E","Estimated value"
"QCL","Crops and livestock products","404","Kenya","5419","Yield","01510","Potatoes","1967","1967","hg/ha","70909","E","Estimated value"
"QCL","Crops and livestock products","404","Kenya","5419","Yield","01510","Potatoes","1968","1968","hg/ha","70909","E","Estimated value"
"QCL","Crops and livestock products","404","Kenya","5419","Yield","01510","Potatoes","1969","1969","hg/ha","71429","E","Estimated value"
"QCL","Crops and livestock products","404","Kenya","5419","Yield","01510","Potatoes","1970","1970","hg/ha","71475","E","Estimated value"
"QCL","Crops and livestock products","404","Kenya","5419","Yield","01510","Potatoes","1971","1971","hg/ha","71429","E","Estimated value"
"QCL","Crops and livestock products","404","Kenya","5419","Yield","01510","Potatoes","1972","1972","hg/ha","71875","E","Estimated value"
"QCL","Crops and livestock products","404","Kenya","5419","Yield","01510","Potatoes","1973","1973","hg/ha","70270","E","Estimated value"
"QCL","Crops and livestock products","404","Kenya","5419","Yield","01510","Potatoes","1974","1974","hg/ha","70000","E","Estimated value"
"QCL","Crops and livestock products","404","Kenya","5419","Yield","01510","Potatoes","1975","1975","hg/ha","73053","E","Estimated value"
"QCL","Crops and livestock products","404","Kenya","5419","Yield","01510","Potatoes","1976","1976","hg/ha","72766","E","Estimated value"
"QCL","Crops and livestock products","404","Kenya","5419","Yield","01510","Potatoes","1977","1977","hg/ha","72511","E","Estimated value"
"QCL","Crops and livestock products","404","Kenya","5419","Yield","01510","Potatoes","1978","1978","hg/ha","75158","E","Estimated value"
"QCL","Crops and livestock products","404","Kenya","5419","Yield","01510","Potatoes","1979","1979","hg/ha","77551","E","Estimated value"
"QCL","Crops and livestock products","404","Kenya","5419","Yield","01510","Potatoes","1980","1980","hg/ha","48990","I","Imputed value"
"QCL","Crops and livestock products","404","Kenya","5419","Yield","01510","Potatoes","1981","1981","hg/ha","54952","E","Estimated value"
"QCL","Crops and livestock products","404","Kenya","5419","Yield","01510","Potatoes","1982","1982","hg/ha","65535","E","Estimated value"
"QCL","Crops and livestock products","404","Kenya","5419","Yield","01510","Potatoes","1983","1983","hg/ha","53387","E","Estimated value"
"QCL","Crops and livestock products","404","Kenya","5419","Yield","01510","Potatoes","1984","1984","hg/ha","29371","E","Estimated value"
"QCL","Crops and livestock products","404","Kenya","5419","Yield","01510","Potatoes","1985","1985","hg/ha","61761","I","Imputed value"
"QCL","Crops and livestock products","404","Kenya","5419","Yield","01510","Potatoes","1986","1986","hg/ha","63959","I","Imputed value"
"QCL","Crops and livestock products","404","Kenya","5419","Yield","01510","Potatoes","1987","1987","hg/ha","49603","I","Imputed value"
"QCL","Crops and livestock products","404","Kenya","5419","Yield","01510","Potatoes","1988","1988","hg/ha","50782","I","Imputed value"
"QCL","Crops and livestock products","404","Kenya","5419","Yield","01510","Potatoes","1989","1989","hg/ha","94304","E","Estimated value"
"QCL","Crops and livestock products","404","Kenya","5419","Yield","01510","Potatoes","1990","1990","hg/ha","88655","E","Estimated value"
"QCL","Crops and livestock products","404","Kenya","5419","Yield","01510","Potatoes","1991","1991","hg/ha","113356","E","Estimated value"
"QCL","Crops and livestock products","404","Kenya","5419","Yield","01510","Potatoes","1992","1992","hg/ha","92975","E","Estimated value"
"QCL","Crops and livestock products","404","Kenya","5419","Yield","01510","Potatoes","1993","1993","hg/ha","117490","E","Estimated value"
"QCL","Crops and livestock products","404","Kenya","5419","Yield","01510","Potatoes","1994","1994","hg/ha","97108","E","Estimated value"
"QCL","Crops and livestock products","404","Kenya","5419","Yield","01510","Potatoes","1995","1995","hg/ha","96575","E","Estimated value"
"QCL","Crops and livestock products","404","Kenya","5419","Yield","01510","Potatoes","1996","1996","hg/ha","75918","E","Estimated value"
"QCL","Crops and livestock products","404","Kenya","5419","Yield","01510","Potatoes","1997","1997","hg/ha","70425","E","Estimated value"
"QCL","Crops and livestock products","404","Kenya","5419","Yield","01510","Potatoes","1998","1998","hg/ha","75177","E","Estimated value"
"QCL","Crops and livestock products","404","Kenya","5419","Yield","01510","Potatoes","1999","1999","hg/ha","91410","E","Estimated value"
"QCL","Crops and livestock products","404","Kenya","5419","Yield","01510","Potatoes","2000","2000","hg/ha","61770","E","Estimated value"
"QCL","Crops and livestock products","404","Kenya","5419","Yield","01510","Potatoes","2001","2001","hg/ha","91596","E","Estimated value"
"QCL","Crops and livestock products","404","Kenya","5419","Yield","01510","Potatoes","2002","2002","hg/ha","77113","E","Estimated value"
"QCL","Crops and livestock products","404","Kenya","5419","Yield","01510","Potatoes","2003","2003","hg/ha","96729","E","Estimated value"
"QCL","Crops and livestock products","404","Kenya","5419","Yield","01510","Potatoes","2004","2004","hg/ha","84401","E","Estimated value"
"QCL","Crops and livestock products","404","Kenya","5419","Yield","01510","Potatoes","2005","2005","hg/ha","200000","E","Estimated value"
"QCL","Crops and livestock products","404","Kenya","5419","Yield","01510","Potatoes","2006","2006","hg/ha","200000","E","Estimated value"
"QCL","Crops and livestock products","404","Kenya","5419","Yield","01510","Potatoes","2007","2007","hg/ha","200000","E","Estimated value"
"QCL","Crops and livestock products","404","Kenya","5419","Yield","01510","Potatoes","2008","2008","hg/ha","214815","E","Estimated value"
"QCL","Crops and livestock products","404","Kenya","5419","Yield","01510","Potatoes","2009","2009","hg/ha","191199","E","Estimated value"
"QCL","Crops and livestock products","404","Kenya","5419","Yield","01510","Potatoes","2010","2010","hg/ha","224279","E","Estimated value"
"QCL","Crops and livestock products","404","Kenya","5419","Yield","01510","Potatoes","2011","2011","hg/ha","191690","E","Estimated value"
"QCL","Crops and livestock products","404","Kenya","5419","Yield","01510","Potatoes","2012","2012","hg/ha","203389","E","Estimated value"
"QCL","Crops and livestock products","404","Kenya","5419","Yield","01510","Potatoes","2013","2013","hg/ha","144262","E","Estimated value"
"QCL","Crops and livestock products","404","Kenya","5419","Yield","01510","Potatoes","2014","2014","hg/ha","140655","E","Estimated value"
"QCL","Crops and livestock products","404","Kenya","5419","Yield","01510","Potatoes","2015","2015","hg/ha","147043","E","Estimated value"
"QCL","Crops and livestock products","404","Kenya","5419","Yield","01510","Potatoes","2016","2016","hg/ha","91520","E","Estimated value"
"QCL","Crops and livestock products","404","Kenya","5419","Yield","01510","Potatoes","2017","2017","hg/ha","91858","E","Estimated value"
"QCL","Crops and livestock products","404","Kenya","5419","Yield","01510","Potatoes","2018","2018","hg/ha","86067","E","Estimated value"
"QCL","Crops and livestock products","404","Kenya","5419","Yield","01510","Potatoes","2019","2019","hg/ha","92919","E","Estimated value"
"QCL","Crops and livestock products","404","Kenya","5419","Yield","01510","Potatoes","2020","2020","hg/ha","105518","E","Estimated value"
"QCL","Crops and livestock products","404","Kenya","5510","Production","01510","Potatoes","1961","1961","tonnes","194000","A","Official figure"
"QCL","Crops and livestock products","404","Kenya","5510","Production","01510","Potatoes","1962","1962","tonnes","194000","T","Unofficial figure"
"QCL","Crops and livestock products","404","Kenya","5510","Production","01510","Potatoes","1963","1963","tonnes","195000","T","Unofficial figure"
"QCL","Crops and livestock products","404","Kenya","5510","Production","01510","Potatoes","1964","1964","tonnes","190000","T","Unofficial figure"
"QCL","Crops and livestock products","404","Kenya","5510","Production","01510","Potatoes","1965","1965","tonnes","190000","T","Unofficial figure"
"QCL","Crops and livestock products","404","Kenya","5510","Production","01510","Potatoes","1966","1966","tonnes","195000","T","Unofficial figure"
"QCL","Crops and livestock products","404","Kenya","5510","Production","01510","Potatoes","1967","1967","tonnes","195000","T","Unofficial figure"
"QCL","Crops and livestock products","404","Kenya","5510","Production","01510","Potatoes","1968","1968","tonnes","195000","T","Unofficial figure"
"QCL","Crops and livestock products","404","Kenya","5510","Production","01510","Potatoes","1969","1969","tonnes","200000","T","Unofficial figure"
"QCL","Crops and livestock products","404","Kenya","5510","Production","01510","Potatoes","1970","1970","tonnes","218000","T","Unofficial figure"
"QCL","Crops and livestock products","404","Kenya","5510","Production","01510","Potatoes","1971","1971","tonnes","200000","T","Unofficial figure"
"QCL","Crops and livestock products","404","Kenya","5510","Production","01510","Potatoes","1972","1972","tonnes","230000","E","Estimated value"
"QCL","Crops and livestock products","404","Kenya","5510","Production","01510","Potatoes","1973","1973","tonnes","260000","E","Estimated value"
"QCL","Crops and livestock products","404","Kenya","5510","Production","01510","Potatoes","1974","1974","tonnes","280000","E","Estimated value"
"QCL","Crops and livestock products","404","Kenya","5510","Production","01510","Potatoes","1975","1975","tonnes","333120","A","Official figure"
"QCL","Crops and livestock products","404","Kenya","5510","Production","01510","Potatoes","1976","1976","tonnes","342000","A","Official figure"
"QCL","Crops and livestock products","404","Kenya","5510","Production","01510","Potatoes","1977","1977","tonnes","340800","A","Official figure"
"QCL","Crops and livestock products","404","Kenya","5510","Production","01510","Potatoes","1978","1978","tonnes","360756","A","Official figure"
"QCL","Crops and livestock products","404","Kenya","5510","Production","01510","Potatoes","1979","1979","tonnes","380000","E","Estimated value"
"QCL","Crops and livestock products","404","Kenya","5510","Production","01510","Potatoes","1980","1980","tonnes","195960","A","Official figure"
"QCL","Crops and livestock products","404","Kenya","5510","Production","01510","Potatoes","1981","1981","tonnes","346196","A","Official figure"
"QCL","Crops and livestock products","404","Kenya","5510","Production","01510","Potatoes","1982","1982","tonnes","498065","A","Official figure"
"QCL","Crops and livestock products","404","Kenya","5510","Production","01510","Potatoes","1983","1983","tonnes","416415","A","Official figure"
"QCL","Crops and livestock products","404","Kenya","5510","Production","01510","Potatoes","1984","1984","tonnes","211473","A","Official figure"
"QCL","Crops and livestock products","404","Kenya","5510","Production","01510","Potatoes","1985","1985","tonnes","481735","A","Official figure"
"QCL","Crops and livestock products","404","Kenya","5510","Production","01510","Potatoes","1986","1986","tonnes","498882","A","Official figure"
"QCL","Crops and livestock products","404","Kenya","5510","Production","01510","Potatoes","1987","1987","tonnes","198410","A","Official figure"
"QCL","Crops and livestock products","404","Kenya","5510","Production","01510","Potatoes","1988","1988","tonnes","208208","A","Official figure"
"QCL","Crops and livestock products","404","Kenya","5510","Production","01510","Potatoes","1989","1989","tonnes","815920","A","Official figure"
"QCL","Crops and livestock products","404","Kenya","5510","Production","01510","Potatoes","1990","1990","tonnes","779190","A","Official figure"
"QCL","Crops and livestock products","404","Kenya","5510","Production","01510","Potatoes","1991","1991","tonnes","987828","A","Official figure"
"QCL","Crops and livestock products","404","Kenya","5510","Production","01510","Potatoes","1992","1992","tonnes","632572","A","Official figure"
"QCL","Crops and livestock products","404","Kenya","5510","Production","01510","Potatoes","1993","1993","tonnes","654123","A","Official figure"
"QCL","Crops and livestock products","404","Kenya","5510","Production","01510","Potatoes","1994","1994","tonnes","806000","A","Official figure"
"QCL","Crops and livestock products","404","Kenya","5510","Production","01510","Potatoes","1995","1995","tonnes","928744","A","Official figure"
"QCL","Crops and livestock products","404","Kenya","5510","Production","01510","Potatoes","1996","1996","tonnes","744000","A","Official figure"
"QCL","Crops and livestock products","404","Kenya","5510","Production","01510","Potatoes","1997","1997","tonnes","835208","A","Official figure"
"QCL","Crops and livestock products","404","Kenya","5510","Production","01510","Potatoes","1998","1998","tonnes","679738","A","Official figure"
"QCL","Crops and livestock products","404","Kenya","5510","Production","01510","Potatoes","1999","1999","tonnes","1047572","A","Official figure"
"QCL","Crops and livestock products","404","Kenya","5510","Production","01510","Potatoes","2000","2000","tonnes","670303","A","Official figure"
"QCL","Crops and livestock products","404","Kenya","5510","Production","01510","Potatoes","2001","2001","tonnes","1112849","A","Official figure"
"QCL","Crops and livestock products","404","Kenya","5510","Production","01510","Potatoes","2002","2002","tonnes","861566","A","Official figure"
"QCL","Crops and livestock products","404","Kenya","5510","Production","01510","Potatoes","2003","2003","tonnes","1223531","A","Official figure"
"QCL","Crops and livestock products","404","Kenya","5510","Production","01510","Potatoes","2004","2004","tonnes","1084412","A","Official figure"
"QCL","Crops and livestock products","404","Kenya","5510","Production","01510","Potatoes","2005","2005","tonnes","2640600","A","Official figure"
"QCL","Crops and livestock products","404","Kenya","5510","Production","01510","Potatoes","2006","2006","tonnes","2415080","A","Official figure"
"QCL","Crops and livestock products","404","Kenya","5510","Production","01510","Potatoes","2007","2007","tonnes","2192280","A","Official figure"
"QCL","Crops and livestock products","404","Kenya","5510","Production","01510","Potatoes","2008","2008","tonnes","2900000","A","Official figure"
"QCL","Crops and livestock products","404","Kenya","5510","Production","01510","Potatoes","2009","2009","tonnes","2299086","A","Official figure"
"QCL","Crops and livestock products","404","Kenya","5510","Production","01510","Potatoes","2010","2010","tonnes","2725936","A","Official figure"
"QCL","Crops and livestock products","404","Kenya","5510","Production","01510","Potatoes","2011","2011","tonnes","2365263","A","Official figure"
"QCL","Crops and livestock products","404","Kenya","5510","Production","01510","Potatoes","2012","2012","tonnes","2915067","A","Official figure"
"QCL","Crops and livestock products","404","Kenya","5510","Production","01510","Potatoes","2013","2013","tonnes","2192885","A","Official figure"
"QCL","Crops and livestock products","404","Kenya","5510","Production","01510","Potatoes","2014","2014","tonnes","1626027","A","Official figure"
"QCL","Crops and livestock products","404","Kenya","5510","Production","01510","Potatoes","2015","2015","tonnes","1963495","A","Official figure"
"QCL","Crops and livestock products","404","Kenya","5510","Production","01510","Potatoes","2016","2016","tonnes","1335883","A","Official figure"
"QCL","Crops and livestock products","404","Kenya","5510","Production","01510","Potatoes","2017","2017","tonnes","1519870","A","Official figure"
"QCL","Crops and livestock products","404","Kenya","5510","Production","01510","Potatoes","2018","2018","tonnes","1870375","A","Official figure"
"QCL","Crops and livestock products","404","Kenya","5510","Production","01510","Potatoes","2019","2019","tonnes","1978952","A","Official figure"
"QCL","Crops and livestock products","404","Kenya","5510","Production","01510","Potatoes","2020","2020","tonnes","1859776","A","Official figure"
"QCL","Crops and livestock products","404","Kenya","5419","Yield","0113","Rice","1961","1961","hg/ha","22703","I","Imputed value"
"QCL","Crops and livestock products","404","Kenya","5419","Yield","0113","Rice","1962","1962","hg/ha","26207","I","Imputed value"
"QCL","Crops and livestock products","404","Kenya","5419","Yield","0113","Rice","1963","1963","hg/ha","24409","E","Estimated value"
"QCL","Crops and livestock products","404","Kenya","5419","Yield","0113","Rice","1964","1964","hg/ha","24636","E","Estimated value"
"QCL","Crops and livestock products","404","Kenya","5419","Yield","0113","Rice","1965","1965","hg/ha","56809","E","Estimated value"
"QCL","Crops and livestock products","404","Kenya","5419","Yield","0113","Rice","1966","1966","hg/ha","58657","E","Estimated value"
"QCL","Crops and livestock products","404","Kenya","5419","Yield","0113","Rice","1967","1967","hg/ha","56318","E","Estimated value"
"QCL","Crops and livestock products","404","Kenya","5419","Yield","0113","Rice","1968","1968","hg/ha","54497","T","Unofficial figure"
"QCL","Crops and livestock products","404","Kenya","5419","Yield","0113","Rice","1969","1969","hg/ha","46110","E","Estimated value"
"QCL","Crops and livestock products","404","Kenya","5419","Yield","0113","Rice","1970","1970","hg/ha","48768","E","Estimated value"
"QCL","Crops and livestock products","404","Kenya","5419","Yield","0113","Rice","1971","1971","hg/ha","47393","E","Estimated value"
"QCL","Crops and livestock products","404","Kenya","5419","Yield","0113","Rice","1972","1972","hg/ha","50789","E","Estimated value"
"QCL","Crops and livestock products","404","Kenya","5419","Yield","0113","Rice","1973","1973","hg/ha","48769","E","Estimated value"
"QCL","Crops and livestock products","404","Kenya","5419","Yield","0113","Rice","1974","1974","hg/ha","50617","E","Estimated value"
"QCL","Crops and livestock products","404","Kenya","5419","Yield","0113","Rice","1975","1975","hg/ha","50933","E","Estimated value"
"QCL","Crops and livestock products","404","Kenya","5419","Yield","0113","Rice","1976","1976","hg/ha","57750","E","Estimated value"
"QCL","Crops and livestock products","404","Kenya","5419","Yield","0113","Rice","1977","1977","hg/ha","61813","E","Estimated value"
"QCL","Crops and livestock products","404","Kenya","5419","Yield","0113","Rice","1978","1978","hg/ha","56701","I","Imputed value"
"QCL","Crops and livestock products","404","Kenya","5419","Yield","0113","Rice","1979","1979","hg/ha","43064","E","Estimated value"
"QCL","Crops and livestock products","404","Kenya","5419","Yield","0113","Rice","1980","1980","hg/ha","39400","E","Estimated value"
"QCL","Crops and livestock products","404","Kenya","5419","Yield","0113","Rice","1981","1981","hg/ha","39402","E","Estimated value"
"QCL","Crops and livestock products","404","Kenya","5419","Yield","0113","Rice","1982","1982","hg/ha","39399","E","Estimated value"
"QCL","Crops and livestock products","404","Kenya","5419","Yield","0113","Rice","1983","1983","hg/ha","39400","E","Estimated value"
"QCL","Crops and livestock products","404","Kenya","5419","Yield","0113","Rice","1984","1984","hg/ha","40486","E","Estimated value"
"QCL","Crops and livestock products","404","Kenya","5419","Yield","0113","Rice","1985","1985","hg/ha","26700","E","Estimated value"
"QCL","Crops and livestock products","404","Kenya","5419","Yield","0113","Rice","1986","1986","hg/ha","31491","E","Estimated value"
"QCL","Crops and livestock products","404","Kenya","5419","Yield","0113","Rice","1987","1987","hg/ha","31034","E","Estimated value"
"QCL","Crops and livestock products","404","Kenya","5419","Yield","0113","Rice","1988","1988","hg/ha","35714","E","Estimated value"
"QCL","Crops and livestock products","404","Kenya","5419","Yield","0113","Rice","1989","1989","hg/ha","39859","E","Estimated value"
"QCL","Crops and livestock products","404","Kenya","5419","Yield","0113","Rice","1990","1990","hg/ha","30984","E","Estimated value"
"QCL","Crops and livestock products","404","Kenya","5419","Yield","0113","Rice","1991","1991","hg/ha","38846","E","Estimated value"
"QCL","Crops and livestock products","404","Kenya","5419","Yield","0113","Rice","1992","1992","hg/ha","35362","E","Estimated value"
"QCL","Crops and livestock products","404","Kenya","5419","Yield","0113","Rice","1993","1993","hg/ha","41483","E","Estimated value"
"QCL","Crops and livestock products","404","Kenya","5419","Yield","0113","Rice","1994","1994","hg/ha","43559","E","Estimated value"
"QCL","Crops and livestock products","404","Kenya","5419","Yield","0113","Rice","1995","1995","hg/ha","40000","E","Estimated value"
"QCL","Crops and livestock products","404","Kenya","5419","Yield","0113","Rice","1996","1996","hg/ha","40000","E","Estimated value"
"QCL","Crops and livestock products","404","Kenya","5419","Yield","0113","Rice","1997","1997","hg/ha","39724","E","Estimated value"
"QCL","Crops and livestock products","404","Kenya","5419","Yield","0113","Rice","1998","1998","hg/ha","48419","E","Estimated value"
"QCL","Crops and livestock products","404","Kenya","5419","Yield","0113","Rice","1999","1999","hg/ha","39845","E","Estimated value"
"QCL","Crops and livestock products","404","Kenya","5419","Yield","0113","Rice","2000","2000","hg/ha","37710","E","Estimated value"
"QCL","Crops and livestock products","404","Kenya","5419","Yield","0113","Rice","2001","2001","hg/ha","34091","E","Estimated value"
"QCL","Crops and livestock products","404","Kenya","5419","Yield","0113","Rice","2002","2002","hg/ha","34615","E","Estimated value"
"QCL","Crops and livestock products","404","Kenya","5419","Yield","0113","Rice","2003","2003","hg/ha","37568","E","Estimated value"
"QCL","Crops and livestock products","404","Kenya","5419","Yield","0113","Rice","2004","2004","hg/ha","37280","E","Estimated value"
"QCL","Crops and livestock products","404","Kenya","5419","Yield","0113","Rice","2005","2005","hg/ha","39321","E","Estimated value"
"QCL","Crops and livestock products","404","Kenya","5419","Yield","0113","Rice","2006","2006","hg/ha","28062","E","Estimated value"
"QCL","Crops and livestock products","404","Kenya","5419","Yield","0113","Rice","2007","2007","hg/ha","28715","E","Estimated value"
"QCL","Crops and livestock products","404","Kenya","5419","Yield","0113","Rice","2008","2008","hg/ha","13076","E","Estimated value"
"QCL","Crops and livestock products","404","Kenya","5419","Yield","0113","Rice","2009","2009","hg/ha","19333","E","Estimated value"
"QCL","Crops and livestock products","404","Kenya","5419","Yield","0113","Rice","2010","2010","hg/ha","42384","E","Estimated value"
"QCL","Crops and livestock products","404","Kenya","5419","Yield","0113","Rice","2011","2011","hg/ha","39676","E","Estimated value"
"QCL","Crops and livestock products","404","Kenya","5419","Yield","0113","Rice","2012","2012","hg/ha","46643","E","Estimated value"
"QCL","Crops and livestock products","404","Kenya","5419","Yield","0113","Rice","2013","2013","hg/ha","39955","E","Estimated value"
"QCL","Crops and livestock products","404","Kenya","5419","Yield","0113","Rice","2014","2014","hg/ha","39543","E","Estimated value"
"QCL","Crops and livestock products","404","Kenya","5419","Yield","0113","Rice","2015","2015","hg/ha","39566","E","Estimated value"
"QCL","Crops and livestock products","404","Kenya","5419","Yield","0113","Rice","2016","2016","hg/ha","34601","E","Estimated value"
"QCL","Crops and livestock products","404","Kenya","5419","Yield","0113","Rice","2017","2017","hg/ha","26717","E","Estimated value"
"QCL","Crops and livestock products","404","Kenya","5419","Yield","0113","Rice","2018","2018","hg/ha","43366","E","Estimated value"
"QCL","Crops and livestock products","404","Kenya","5419","Yield","0113","Rice","2019","2019","hg/ha","64255","E","Estimated value"
"QCL","Crops and livestock products","404","Kenya","5419","Yield","0113","Rice","2020","2020","hg/ha","63973","E","Estimated value"
"QCL","Crops and livestock products","404","Kenya","5510","Production","0113","Rice","1961","1961","tonnes","14530","A","Official figure"
"QCL","Crops and livestock products","404","Kenya","5510","Production","0113","Rice","1962","1962","tonnes","15200","A","Official figure"
"QCL","Crops and livestock products","404","Kenya","5510","Production","0113","Rice","1963","1963","tonnes","13000","A","Official figure"
"QCL","Crops and livestock products","404","Kenya","5510","Production","0113","Rice","1964","1964","tonnes","13200","A","Official figure"
"QCL","Crops and livestock products","404","Kenya","5510","Production","0113","Rice","1965","1965","tonnes","14100","A","Official figure"
"QCL","Crops and livestock products","404","Kenya","5510","Production","0113","Rice","1966","1966","tonnes","16600","A","Official figure"
"QCL","Crops and livestock products","404","Kenya","5510","Production","0113","Rice","1967","1967","tonnes","15938","A","Official figure"
"QCL","Crops and livestock products","404","Kenya","5510","Production","0113","Rice","1968","1968","tonnes","18747","A","Official figure"
"QCL","Crops and livestock products","404","Kenya","5510","Production","0113","Rice","1969","1969","tonnes","22700","A","Official figure"
"QCL","Crops and livestock products","404","Kenya","5510","Production","0113","Rice","1970","1970","tonnes","28500","A","Official figure"
"QCL","Crops and livestock products","404","Kenya","5510","Production","0113","Rice","1971","1971","tonnes","30000","A","Official figure"
"QCL","Crops and livestock products","404","Kenya","5510","Production","0113","Rice","1972","1972","tonnes","34943","A","Official figure"
"QCL","Crops and livestock products","404","Kenya","5510","Production","0113","Rice","1973","1973","tonnes","36128","A","Official figure"
"QCL","Crops and livestock products","404","Kenya","5510","Production","0113","Rice","1974","1974","tonnes","33210","A","Official figure"
"QCL","Crops and livestock products","404","Kenya","5510","Production","0113","Rice","1975","1975","tonnes","32113","A","Official figure"
"QCL","Crops and livestock products","404","Kenya","5510","Production","0113","Rice","1976","1976","tonnes","40425","A","Official figure"
"QCL","Crops and livestock products","404","Kenya","5510","Production","0113","Rice","1977","1977","tonnes","41415","A","Official figure"
"QCL","Crops and livestock products","404","Kenya","5510","Production","0113","Rice","1978","1978","tonnes","42526","A","Official figure"
"QCL","Crops and livestock products","404","Kenya","5510","Production","0113","Rice","1979","1979","tonnes","37466","A","Official figure"
"QCL","Crops and livestock products","404","Kenya","5510","Production","0113","Rice","1980","1980","tonnes","38415","A","Official figure"
"QCL","Crops and livestock products","404","Kenya","5510","Production","0113","Rice","1981","1981","tonnes","37207","A","Official figure"
"QCL","Crops and livestock products","404","Kenya","5510","Production","0113","Rice","1982","1982","tonnes","41207","A","Official figure"
"QCL","Crops and livestock products","404","Kenya","5510","Production","0113","Rice","1983","1983","tonnes","44554","A","Official figure"
"QCL","Crops and livestock products","404","Kenya","5510","Production","0113","Rice","1984","1984","tonnes","50462","A","Official figure"
"QCL","Crops and livestock products","404","Kenya","5510","Production","0113","Rice","1985","1985","tonnes","38709","A","Official figure"
"QCL","Crops and livestock products","404","Kenya","5510","Production","0113","Rice","1986","1986","tonnes","45662","A","Official figure"
"QCL","Crops and livestock products","404","Kenya","5510","Production","0113","Rice","1987","1987","tonnes","45000","A","Official figure"
"QCL","Crops and livestock products","404","Kenya","5510","Production","0113","Rice","1988","1988","tonnes","50000","A","Official figure"
"QCL","Crops and livestock products","404","Kenya","5510","Production","0113","Rice","1989","1989","tonnes","56680","A","Official figure"
"QCL","Crops and livestock products","404","Kenya","5510","Production","0113","Rice","1990","1990","tonnes","41088","A","Official figure"
"QCL","Crops and livestock products","404","Kenya","5510","Production","0113","Rice","1991","1991","tonnes","50500","A","Official figure"
"QCL","Crops and livestock products","404","Kenya","5510","Production","0113","Rice","1992","1992","tonnes","44203","A","Official figure"
"QCL","Crops and livestock products","404","Kenya","5510","Production","0113","Rice","1993","1993","tonnes","47000","A","Official figure"
"QCL","Crops and livestock products","404","Kenya","5510","Production","0113","Rice","1994","1994","tonnes","47000","A","Official figure"
"QCL","Crops and livestock products","404","Kenya","5510","Production","0113","Rice","1995","1995","tonnes","44000","A","Official figure"
"QCL","Crops and livestock products","404","Kenya","5510","Production","0113","Rice","1996","1996","tonnes","50620","A","Official figure"
"QCL","Crops and livestock products","404","Kenya","5510","Production","0113","Rice","1997","1997","tonnes","41075","A","Official figure"
"QCL","Crops and livestock products","404","Kenya","5510","Production","0113","Rice","1998","1998","tonnes","41829","A","Official figure"
"QCL","Crops and livestock products","404","Kenya","5510","Production","0113","Rice","1999","1999","tonnes","52711","A","Official figure"
"QCL","Crops and livestock products","404","Kenya","5510","Production","0113","Rice","2000","2000","tonnes","52349","A","Official figure"
"QCL","Crops and livestock products","404","Kenya","5510","Production","0113","Rice","2001","2001","tonnes","45000","A","Official figure"
"QCL","Crops and livestock products","404","Kenya","5510","Production","0113","Rice","2002","2002","tonnes","45000","A","Official figure"
"QCL","Crops and livestock products","404","Kenya","5510","Production","0113","Rice","2003","2003","tonnes","40502","A","Official figure"
"QCL","Crops and livestock products","404","Kenya","5510","Production","0113","Rice","2004","2004","tonnes","49295","A","Official figure"
"QCL","Crops and livestock products","404","Kenya","5510","Production","0113","Rice","2005","2005","tonnes","62677","A","Official figure"
"QCL","Crops and livestock products","404","Kenya","5510","Production","0113","Rice","2006","2006","tonnes","64840","A","Official figure"
"QCL","Crops and livestock products","404","Kenya","5510","Production","0113","Rice","2007","2007","tonnes","47256","A","Official figure"
"QCL","Crops and livestock products","404","Kenya","5510","Production","0113","Rice","2008","2008","tonnes","21881","A","Official figure"
"QCL","Crops and livestock products","404","Kenya","5510","Production","0113","Rice","2009","2009","tonnes","42202","A","Official figure"
"QCL","Crops and livestock products","404","Kenya","5510","Production","0113","Rice","2010","2010","tonnes","85536","A","Official figure"
"QCL","Crops and livestock products","404","Kenya","5510","Production","0113","Rice","2011","2011","tonnes","111229","A","Official figure"
"QCL","Crops and livestock products","404","Kenya","5510","Production","0113","Rice","2012","2012","tonnes","138204","A","Official figure"
"QCL","Crops and livestock products","404","Kenya","5510","Production","0113","Rice","2013","2013","tonnes","125256","A","Official figure"
"QCL","Crops and livestock products","404","Kenya","5510","Production","0113","Rice","2014","2014","tonnes","112263","A","Official figure"
"QCL","Crops and livestock products","404","Kenya","5510","Production","0113","Rice","2015","2015","tonnes","116473","A","Official figure"
"QCL","Crops and livestock products","404","Kenya","5510","Production","0113","Rice","2016","2016","tonnes","101510","A","Official figure"
"QCL","Crops and livestock products","404","Kenya","5510","Production","0113","Rice","2017","2017","tonnes","81198","A","Official figure"
"QCL","Crops and livestock products","404","Kenya","5510","Production","0113","Rice","2018","2018","tonnes","112605","A","Official figure"
"QCL","Crops and livestock products","404","Kenya","5510","Production","0113","Rice","2019","2019","tonnes","160585","A","Official figure"
"QCL","Crops and livestock products","404","Kenya","5510","Production","0113","Rice","2020","2020","tonnes","180890","A","Official figure"
"QCL","Crops and livestock products","404","Kenya","5419","Yield","01620","Tea leaves","1961","1961","hg/ha","7119","E","Estimated value"
"QCL","Crops and livestock products","404","Kenya","5419","Yield","01620","Tea leaves","1962","1962","hg/ha","8258","E","Estimated value"
"QCL","Crops and livestock products","404","Kenya","5419","Yield","01620","Tea leaves","1963","1963","hg/ha","8431","E","Estimated value"
"QCL","Crops and livestock products","404","Kenya","5419","Yield","01620","Tea leaves","1964","1964","hg/ha","8777","E","Estimated value"
"QCL","Crops and livestock products","404","Kenya","5419","Yield","01620","Tea leaves","1965","1965","hg/ha","8007","E","Estimated value"
"QCL","Crops and livestock products","404","Kenya","5419","Yield","01620","Tea leaves","1966","1966","hg/ha","9297","E","Estimated value"
"QCL","Crops and livestock products","404","Kenya","5419","Yield","01620","Tea leaves","1967","1967","hg/ha","7584","E","Estimated value"
"QCL","Crops and livestock products","404","Kenya","5419","Yield","01620","Tea leaves","1968","1968","hg/ha","8868","E","Estimated value"
"QCL","Crops and livestock products","404","Kenya","5419","Yield","01620","Tea leaves","1969","1969","hg/ha","9873","E","Estimated value"
"QCL","Crops and livestock products","404","Kenya","5419","Yield","01620","Tea leaves","1970","1970","hg/ha","10198","E","Estimated value"
"QCL","Crops and livestock products","404","Kenya","5419","Yield","01620","Tea leaves","1971","1971","hg/ha","8362","E","Estimated value"
"QCL","Crops and livestock products","404","Kenya","5419","Yield","01620","Tea leaves","1972","1972","hg/ha","10715","E","Estimated value"
"QCL","Crops and livestock products","404","Kenya","5419","Yield","01620","Tea leaves","1973","1973","hg/ha","10321","E","Estimated value"
"QCL","Crops and livestock products","404","Kenya","5419","Yield","01620","Tea leaves","1974","1974","hg/ha","9148","E","Estimated value"
"QCL","Crops and livestock products","404","Kenya","5419","Yield","01620","Tea leaves","1975","1975","hg/ha","9218","E","Estimated value"
"QCL","Crops and livestock products","404","Kenya","5419","Yield","01620","Tea leaves","1976","1976","hg/ha","9398","E","Estimated value"
"QCL","Crops and livestock products","404","Kenya","5419","Yield","01620","Tea leaves","1977","1977","hg/ha","12617","E","Estimated value"
"QCL","Crops and livestock products","404","Kenya","5419","Yield","01620","Tea leaves","1978","1978","hg/ha","12960","E","Estimated value"
"QCL","Crops and livestock products","404","Kenya","5419","Yield","01620","Tea leaves","1979","1979","hg/ha","13361","T","Unofficial figure"
"QCL","Crops and livestock products","404","Kenya","5419","Yield","01620","Tea leaves","1980","1980","hg/ha","11744","T","Unofficial figure"
"QCL","Crops and livestock products","404","Kenya","5419","Yield","01620","Tea leaves","1981","1981","hg/ha","11527","E","Estimated value"
"QCL","Crops and livestock products","404","Kenya","5419","Yield","01620","Tea leaves","1982","1982","hg/ha","11791","E","Estimated value"
"QCL","Crops and livestock products","404","Kenya","5419","Yield","01620","Tea leaves","1983","1983","hg/ha","14524","E","Estimated value"
"QCL","Crops and livestock products","404","Kenya","5419","Yield","01620","Tea leaves","1984","1984","hg/ha","13941","E","Estimated value"
"QCL","Crops and livestock products","404","Kenya","5419","Yield","01620","Tea leaves","1985","1985","hg/ha","17571","E","Estimated value"
"QCL","Crops and livestock products","404","Kenya","5419","Yield","01620","Tea leaves","1986","1986","hg/ha","16981","T","Unofficial figure"
"QCL","Crops and livestock products","404","Kenya","5419","Yield","01620","Tea leaves","1987","1987","hg/ha","18244","E","Estimated value"
"QCL","Crops and livestock products","404","Kenya","5419","Yield","01620","Tea leaves","1988","1988","hg/ha","18897","E","Estimated value"
"QCL","Crops and livestock products","404","Kenya","5419","Yield","01620","Tea leaves","1989","1989","hg/ha","20647","E","Estimated value"
"QCL","Crops and livestock products","404","Kenya","5419","Yield","01620","Tea leaves","1990","1990","hg/ha","20313","E","Estimated value"
"QCL","Crops and livestock products","404","Kenya","5419","Yield","01620","Tea leaves","1991","1991","hg/ha","20232","E","Estimated value"
"QCL","Crops and livestock products","404","Kenya","5419","Yield","01620","Tea leaves","1992","1992","hg/ha","18466","E","Estimated value"
"QCL","Crops and livestock products","404","Kenya","5419","Yield","01620","Tea leaves","1993","1993","hg/ha","20137","E","Estimated value"
"QCL","Crops and livestock products","404","Kenya","5419","Yield","01620","Tea leaves","1994","1994","hg/ha","19000","E","Estimated value"
"QCL","Crops and livestock products","404","Kenya","5419","Yield","01620","Tea leaves","1995","1995","hg/ha","21725","E","Estimated value"
"QCL","Crops and livestock products","404","Kenya","5419","Yield","01620","Tea leaves","1996","1996","hg/ha","22621","E","Estimated value"
"QCL","Crops and livestock products","404","Kenya","5419","Yield","01620","Tea leaves","1997","1997","hg/ha","19380","E","Estimated value"
"QCL","Crops and livestock products","404","Kenya","5419","Yield","01620","Tea leaves","1998","1998","hg/ha","24793","E","Estimated value"
"QCL","Crops and livestock products","404","Kenya","5419","Yield","01620","Tea leaves","1999","1999","hg/ha","20980","E","Estimated value"
"QCL","Crops and livestock products","404","Kenya","5419","Yield","01620","Tea leaves","2000","2000","hg/ha","19627","E","Estimated value"
"QCL","Crops and livestock products","404","Kenya","5419","Yield","01620","Tea leaves","2001","2001","hg/ha","23704","E","Estimated value"
"QCL","Crops and livestock products","404","Kenya","5419","Yield","01620","Tea leaves","2002","2002","hg/ha","21837","E","Estimated value"
"QCL","Crops and livestock products","404","Kenya","5419","Yield","01620","Tea leaves","2003","2003","hg/ha","22341","E","Estimated value"
"QCL","Crops and livestock products","404","Kenya","5419","Yield","01620","Tea leaves","2004","2004","hg/ha","23745","E","Estimated value"
"QCL","Crops and livestock products","404","Kenya","5419","Yield","01620","Tea leaves","2005","2005","hg/ha","23248","E","Estimated value"
"QCL","Crops and livestock products","404","Kenya","5419","Yield","01620","Tea leaves","2006","2006","hg/ha","21116","E","Estimated value"
"QCL","Crops and livestock products","404","Kenya","5419","Yield","01620","Tea leaves","2007","2007","hg/ha","24774","E","Estimated value"
"QCL","Crops and livestock products","404","Kenya","5419","Yield","01620","Tea leaves","2008","2008","hg/ha","21928","E","Estimated value"
"QCL","Crops and livestock products","404","Kenya","5419","Yield","01620","Tea leaves","2009","2009","hg/ha","19849","E","Estimated value"
"QCL","Crops and livestock products","404","Kenya","5419","Yield","01620","Tea leaves","2010","2010","hg/ha","23209","E","Estimated value"
"QCL","Crops and livestock products","404","Kenya","5419","Yield","01620","Tea leaves","2011","2011","hg/ha","20117","E","Estimated value"
"QCL","Crops and livestock products","404","Kenya","5419","Yield","01620","Tea leaves","2012","2012","hg/ha","19381","E","Estimated value"
"QCL","Crops and livestock products","404","Kenya","5419","Yield","01620","Tea leaves","2013","2013","hg/ha","21772","E","Estimated value"
"QCL","Crops and livestock products","404","Kenya","5419","Yield","01620","Tea leaves","2014","2014","hg/ha","21926","E","Estimated value"
"QCL","Crops and livestock products","404","Kenya","5419","Yield","01620","Tea leaves","2015","2015","hg/ha","19059","E","Estimated value"
"QCL","Crops and livestock products","404","Kenya","5419","Yield","01620","Tea leaves","2016","2016","hg/ha","21648","E","Estimated value"
"QCL","Crops and livestock products","404","Kenya","5419","Yield","01620","Tea leaves","2017","2017","hg/ha","18902","E","Estimated value"
"QCL","Crops and livestock products","404","Kenya","5419","Yield","01620","Tea leaves","2018","2018","hg/ha","20872","E","Estimated value"
"QCL","Crops and livestock products","404","Kenya","5419","Yield","01620","Tea leaves","2019","2019","hg/ha","17032","E","Estimated value"
"QCL","Crops and livestock products","404","Kenya","5419","Yield","01620","Tea leaves","2020","2020","hg/ha","21140","E","Estimated value"
"QCL","Crops and livestock products","404","Kenya","5510","Production","01620","Tea leaves","1961","1961","tonnes","12641","A","Official figure"
"QCL","Crops and livestock products","404","Kenya","5510","Production","01620","Tea leaves","1962","1962","tonnes","16428","A","Official figure"
"QCL","Crops and livestock products","404","Kenya","5510","Production","01620","Tea leaves","1963","1963","tonnes","18082","A","Official figure"
"QCL","Crops and livestock products","404","Kenya","5510","Production","01620","Tea leaves","1964","1964","tonnes","20241","A","Official figure"
"QCL","Crops and livestock products","404","Kenya","5510","Production","01620","Tea leaves","1965","1965","tonnes","19823","A","Official figure"
"QCL","Crops and livestock products","404","Kenya","5510","Production","01620","Tea leaves","1966","1966","tonnes","25419","A","Official figure"
"QCL","Crops and livestock products","404","Kenya","5510","Production","01620","Tea leaves","1967","1967","tonnes","22812","A","Official figure"
"QCL","Crops and livestock products","404","Kenya","5510","Production","01620","Tea leaves","1968","1968","tonnes","29764","A","Official figure"
"QCL","Crops and livestock products","404","Kenya","5510","Production","01620","Tea leaves","1969","1969","tonnes","36060","A","Official figure"
"QCL","Crops and livestock products","404","Kenya","5510","Production","01620","Tea leaves","1970","1970","tonnes","41077","A","Official figure"
"QCL","Crops and livestock products","404","Kenya","5510","Production","01620","Tea leaves","1971","1971","tonnes","36290","A","Official figure"
"QCL","Crops and livestock products","404","Kenya","5510","Production","01620","Tea leaves","1972","1972","tonnes","53322","A","Official figure"
"QCL","Crops and livestock products","404","Kenya","5510","Production","01620","Tea leaves","1973","1973","tonnes","56578","A","Official figure"
"QCL","Crops and livestock products","404","Kenya","5510","Production","01620","Tea leaves","1974","1974","tonnes","53440","A","Official figure"
"QCL","Crops and livestock products","404","Kenya","5510","Production","01620","Tea leaves","1975","1975","tonnes","56730","A","Official figure"
"QCL","Crops and livestock products","404","Kenya","5510","Production","01620","Tea leaves","1976","1976","tonnes","61984","A","Official figure"
"QCL","Crops and livestock products","404","Kenya","5510","Production","01620","Tea leaves","1977","1977","tonnes","86291","A","Official figure"
"QCL","Crops and livestock products","404","Kenya","5510","Production","01620","Tea leaves","1978","1978","tonnes","93373","A","Official figure"
"QCL","Crops and livestock products","404","Kenya","5510","Production","01620","Tea leaves","1979","1979","tonnes","99275","A","Official figure"
"QCL","Crops and livestock products","404","Kenya","5510","Production","01620","Tea leaves","1980","1980","tonnes","89893","A","Official figure"
"QCL","Crops and livestock products","404","Kenya","5510","Production","01620","Tea leaves","1981","1981","tonnes","90941","A","Official figure"
"QCL","Crops and livestock products","404","Kenya","5510","Production","01620","Tea leaves","1982","1982","tonnes","95600","A","Official figure"
"QCL","Crops and livestock products","404","Kenya","5510","Production","01620","Tea leaves","1983","1983","tonnes","119300","A","Official figure"
"QCL","Crops and livestock products","404","Kenya","5510","Production","01620","Tea leaves","1984","1984","tonnes","116200","A","Official figure"
"QCL","Crops and livestock products","404","Kenya","5510","Production","01620","Tea leaves","1985","1985","tonnes","147100","A","Official figure"
"QCL","Crops and livestock products","404","Kenya","5510","Production","01620","Tea leaves","1986","1986","tonnes","143317","A","Official figure"
"QCL","Crops and livestock products","404","Kenya","5510","Production","01620","Tea leaves","1987","1987","tonnes","155808","A","Official figure"
"QCL","Crops and livestock products","404","Kenya","5510","Production","01620","Tea leaves","1988","1988","tonnes","164030","A","Official figure"
"QCL","Crops and livestock products","404","Kenya","5510","Production","01620","Tea leaves","1989","1989","tonnes","180602","A","Official figure"
"QCL","Crops and livestock products","404","Kenya","5510","Production","01620","Tea leaves","1990","1990","tonnes","197000","A","Official figure"
"QCL","Crops and livestock products","404","Kenya","5510","Production","01620","Tea leaves","1991","1991","tonnes","203588","A","Official figure"
"QCL","Crops and livestock products","404","Kenya","5510","Production","01620","Tea leaves","1992","1992","tonnes","188070","A","Official figure"
"QCL","Crops and livestock products","404","Kenya","5510","Production","01620","Tea leaves","1993","1993","tonnes","211160","A","Official figure"
"QCL","Crops and livestock products","404","Kenya","5510","Production","01620","Tea leaves","1994","1994","tonnes","209420","A","Official figure"
"QCL","Crops and livestock products","404","Kenya","5510","Production","01620","Tea leaves","1995","1995","tonnes","244530","A","Official figure"
"QCL","Crops and livestock products","404","Kenya","5510","Production","01620","Tea leaves","1996","1996","tonnes","257160","A","Official figure"
"QCL","Crops and livestock products","404","Kenya","5510","Production","01620","Tea leaves","1997","1997","tonnes","220722","A","Official figure"
"QCL","Crops and livestock products","404","Kenya","5510","Production","01620","Tea leaves","1998","1998","tonnes","294165","A","Official figure"
"QCL","Crops and livestock products","404","Kenya","5510","Production","01620","Tea leaves","1999","1999","tonnes","248700","A","Official figure"
"QCL","Crops and livestock products","404","Kenya","5510","Production","01620","Tea leaves","2000","2000","tonnes","236286","A","Official figure"
"QCL","Crops and livestock products","404","Kenya","5510","Production","01620","Tea leaves","2001","2001","tonnes","294620","A","Official figure"
"QCL","Crops and livestock products","404","Kenya","5510","Production","01620","Tea leaves","2002","2002","tonnes","287045","A","Official figure"
"QCL","Crops and livestock products","404","Kenya","5510","Production","01620","Tea leaves","2003","2003","tonnes","293670","A","Official figure"
"QCL","Crops and livestock products","404","Kenya","5510","Production","01620","Tea leaves","2004","2004","tonnes","324600","A","Official figure"
"QCL","Crops and livestock products","404","Kenya","5510","Production","01620","Tea leaves","2005","2005","tonnes","328500","A","Official figure"
"QCL","Crops and livestock products","404","Kenya","5510","Production","01620","Tea leaves","2006","2006","tonnes","310580","A","Official figure"
"QCL","Crops and livestock products","404","Kenya","5510","Production","01620","Tea leaves","2007","2007","tonnes","369600","A","Official figure"
"QCL","Crops and livestock products","404","Kenya","5510","Production","01620","Tea leaves","2008","2008","tonnes","345800","A","Official figure"
"QCL","Crops and livestock products","404","Kenya","5510","Production","01620","Tea leaves","2009","2009","tonnes","314198","A","Official figure"
"QCL","Crops and livestock products","404","Kenya","5510","Production","01620","Tea leaves","2010","2010","tonnes","399006","A","Official figure"
"QCL","Crops and livestock products","404","Kenya","5510","Production","01620","Tea leaves","2011","2011","tonnes","377912","A","Official figure"
"QCL","Crops and livestock products","404","Kenya","5510","Production","01620","Tea leaves","2012","2012","tonnes","369400","A","Official figure"
"QCL","Crops and livestock products","404","Kenya","5510","Production","01620","Tea leaves","2013","2013","tonnes","432400","A","Official figure"
"QCL","Crops and livestock products","404","Kenya","5510","Production","01620","Tea leaves","2014","2014","tonnes","445105","A","Official figure"
"QCL","Crops and livestock products","404","Kenya","5510","Production","01620","Tea leaves","2015","2015","tonnes","399100","A","Official figure"
"QCL","Crops and livestock products","404","Kenya","5510","Production","01620","Tea leaves","2016","2016","tonnes","473000","A","Official figure"
"QCL","Crops and livestock products","404","Kenya","5510","Production","01620","Tea leaves","2017","2017","tonnes","439857","A","Official figure"
"QCL","Crops and livestock products","404","Kenya","5510","Production","01620","Tea leaves","2018","2018","tonnes","492990","A","Official figure"
"QCL","Crops and livestock products","404","Kenya","5510","Production","01620","Tea leaves","2019","2019","tonnes","458850","A","Official figure"
"QCL","Crops and livestock products","404","Kenya","5510","Production","01620","Tea leaves","2020","2020","tonnes","569500","A","Official figure"
