Domain Code,Domain,Area Code (M49),Area,Element Code,Element,Item Code,Item,Year Code,Year,Source Code,Source,Unit,Value,Flag,Flag Description,Note
"GT","Emissions Totals","404","Kenya","7225","Emissions (CH4)","6996","Farm gate","1990","1990","3050","FAO TIER 1","kilotonnes","661.7204","E","Estimated value",""
"GT","Emissions Totals","404","Kenya","7230","Emissions (N2O)","6996","Farm gate","1990","1990","3050","FAO TIER 1","kilotonnes","33.0261","E","Estimated value",""
"GT","Emissions Totals","404","Kenya","7273","Emissions (CO2)","6996","Farm gate","1990","1990","3050","FAO TIER 1","kilotonnes","359.6318","E","Estimated value",""
"GT","Emissions Totals","404","Kenya","7225","Emissions (CH4)","6996","Farm gate","1991","1991","3050","FAO TIER 1","kilotonnes","631.7795","E","Estimated value",""
"GT","Emissions Totals","404","Kenya","7230","Emissions (N2O)","6996","Farm gate","1991","1991","3050","FAO TIER 1","kilotonnes","31.8005","E","Estimated value",""
"GT","Emissions Totals","404","Kenya","7273","Emissions (CO2)","6996","Farm gate","1991","1991","3050","FAO TIER 1","kilotonnes","315.0532","E","Estimated value",""
"GT","Emissions Totals","404","Kenya","7225","Emissions (CH4)","6996","Farm gate","1992","1992","3050","FAO TIER 1","kilotonnes","626.8995","E","Estimated value",""
"GT","Emissions Totals","404","Kenya","7230","Emissions (N2O)","6996","Farm gate","1992","1992","3050","FAO TIER 1","kilotonnes","31.6063","E","Estimated value",""
"GT","Emissions Totals","404","Kenya","7273","Emissions (CO2)","6996","Farm gate","1992","1992","3050","FAO TIER 1","kilotonnes","357.221","E","Estimated value",""
"GT","Emissions Totals","404","Kenya","7225","Emissions (CH4)","6996","Farm gate","1993","1993","3050","FAO TIER 1","kilotonnes","622.3179","E","Estimated value",""
"GT","Emissions Totals","404","Kenya","7230","Emissions (N2O)","6996","Farm gate","1993","1993","3050","FAO TIER 1","kilotonnes","31.2147","E","Estimated value",""
"GT","Emissions Totals","404","Kenya","7273","Emissions (CO2)","6996","Farm gate","1993","1993","3050","FAO TIER 1","kilotonnes","364.7542","E","Estimated value",""
"GT","Emissions Totals","404","Kenya","7225","Emissions (CH4)","6996","Farm gate","1994","1994","3050","FAO TIER 1","kilotonnes","623.5467","E","Estimated value",""
"GT","Emissions Totals","404","Kenya","7230","Emissions (N2O)","6996","Farm gate","1994","1994","3050","FAO TIER 1","kilotonnes","31.594","E","Estimated value",""
"GT","Emissions Totals","404","Kenya","7273","Emissions (CO2)","6996","Farm gate","1994","1994","3050","FAO TIER 1","kilotonnes","388.9654","E","Estimated value",""
"GT","Emissions Totals","404","Kenya","7225","Emissions (CH4)","6996","Farm gate","1995","1995","3050","FAO TIER 1","kilotonnes","619.2181","E","Estimated value",""
"GT","Emissions Totals","404","Kenya","7230","Emissions (N2O)","6996","Farm gate","1995","1995","3050","FAO TIER 1","kilotonnes","31.0339","E","Estimated value",""
"GT","Emissions Totals","404","Kenya","7273","Emissions (CO2)","6996","Farm gate","1995","1995","3050","FAO TIER 1","kilotonnes","400.2236","E","Estimated value",""
"GT","Emissions Totals","404","Kenya","7225","Emissions (CH4)","6996","Farm gate","1996","1996","3050","FAO TIER 1","kilotonnes","578.6532","E","Estimated value",""
"GT","Emissions Totals","404","Kenya","7230","Emissions (N2O)","6996","Farm gate","1996","1996","3050","FAO TIER 1","kilotonnes","29.6965","E","Estimated value",""
"GT","Emissions Totals","404","Kenya","7273","Emissions (CO2)","6996","Farm gate","1996","1996","3050","FAO TIER 1","kilotonnes","468.1274","E","Estimated value",""
"GT","Emissions Totals","404","Kenya","7225","Emissions (CH4)","6996","Farm gate","1997","1997","3050","FAO TIER 1","kilotonnes","577.0025","E","Estimated value",""
"GT","Emissions Totals","404","Kenya","7230","Emissions (N2O)","6996","Farm gate","1997","1997","3050","FAO TIER 1","kilotonnes","29.4902","E","Estimated value",""
"GT","Emissions Totals","404","Kenya","7273","Emissions (CO2)","6996","Farm gate","1997","1997","3050","FAO TIER 1","kilotonnes","332.6224","E","Estimated value",""
"GT","Emissions Totals","404","Kenya","7225","Emissions (CH4)","6996","Farm gate","1998","1998","3050","FAO TIER 1","kilotonnes","588.1193","E","Estimated value",""
"GT","Emissions Totals","404","Kenya","7230","Emissions (N2O)","6996","Farm gate","1998","1998","3050","FAO TIER 1","kilotonnes","30.5177","E","Estimated value",""
"GT","Emissions Totals","404","Kenya","7273","Emissions (CO2)","6996","Farm gate","1998","1998","3050","FAO TIER 1","kilotonnes","360.3571","E","Estimated value",""
"GT","Emissions Totals","404","Kenya","7225","Emissions (CH4)","6996","Farm gate","1999","1999","3050","FAO TIER 1","kilotonnes","629.4053","E","Estimated value",""
"GT","Emissions Totals","404","Kenya","7230","Emissions (N2O)","6996","Farm gate","1999","1999","3050","FAO TIER 1","kilotonnes","32.0714","E","Estimated value",""
"GT","Emissions Totals","404","Kenya","7273","Emissions (CO2)","6996","Farm gate","1999","1999","3050","FAO TIER 1","kilotonnes","325.2897","E","Estimated value",""
"GT","Emissions Totals","404","Kenya","7225","Emissions (CH4)","6996","Farm gate","2000","2000","3050","FAO TIER 1","kilotonnes","573.2937","E","Estimated value",""
"GT","Emissions Totals","404","Kenya","7230","Emissions (N2O)","6996","Farm gate","2000","2000","3050","FAO TIER 1","kilotonnes","29.615","E","Estimated value",""
"GT","Emissions Totals","404","Kenya","7273","Emissions (CO2)","6996","Farm gate","2000","2000","3050","FAO TIER 1","kilotonnes","317.9106","E","Estimated value",""
"GT","Emissions Totals","404","Kenya","7225","Emissions (CH4)","6996","Farm gate","2001","2001","3050","FAO TIER 1","kilotonnes","571.0994","E","Estimated value",""
"GT","Emissions Totals","404","Kenya","7230","Emissions (N2O)","6996","Farm gate","2001","2001","3050","FAO TIER 1","kilotonnes","29.8493","E","Estimated value",""
"GT","Emissions Totals","404","Kenya","7273","Emissions (CO2)","6996","Farm gate","2001","2001","3050","FAO TIER 1","kilotonnes","385.4407","E","Estimated value",""
"GT","Emissions Totals","404","Kenya","7225","Emissions (CH4)","6996","Farm gate","2002","2002","3050","FAO TIER 1","kilotonnes","598.706","E","Estimated value",""
"GT","Emissions Totals","404","Kenya","7230","Emissions (N2O)","6996","Farm gate","2002","2002","3050","FAO TIER 1","kilotonnes","30.8274","E","Estimated value",""
"GT","Emissions Totals","404","Kenya","7273","Emissions (CO2)","6996","Farm gate","2002","2002","3050","FAO TIER 1","kilotonnes","411.2401","E","Estimated value",""
"GT","Emissions Totals","404","Kenya","7225","Emissions (CH4)","6996","Farm gate","2003","2003","3050","FAO TIER 1","kilotonnes","641.453","E","Estimated value",""
"GT","Emissions Totals","404","Kenya","7230","Emissions (N2O)","6996","Farm gate","2003","2003","3050","FAO TIER 1","kilotonnes","33.0761","E","Estimated value",""
"GT","Emissions Totals","404","Kenya","7273","Emissions (CO2)","6996","Farm gate","2003","2003","3050","FAO TIER 1","kilotonnes","472.0099","E","Estimated value",""
"GT","Emissions Totals","404","Kenya","7225","Emissions (CH4)","6996","Farm gate","2004","2004","3050","FAO TIER 1","kilotonnes","687.0725","E","Estimated value",""
"GT","Emissions Totals","404","Kenya","7230","Emissions (N2O)","6996","Farm gate","2004","2004","3050","FAO TIER 1","kilotonnes","34.6337","E","Estimated value",""
"GT","Emissions Totals","404","Kenya","7273","Emissions (CO2)","6996","Farm gate","2004","2004","3050","FAO TIER 1","kilotonnes","435.303","E","Estimated value",""
"GT","Emissions Totals","404","Kenya","7225","Emissions (CH4)","6996","Farm gate","2005","2005","3050","FAO TIER 1","kilotonnes","661.7886","E","Estimated value",""
"GT","Emissions Totals","404","Kenya","7230","Emissions (N2O)","6996","Farm gate","2005","2005","3050","FAO TIER 1","kilotonnes","34.2433","E","Estimated value",""
"GT","Emissions Totals","404","Kenya","7273","Emissions (CO2)","6996","Farm gate","2005","2005","3050","FAO TIER 1","kilotonnes","404.8517","E","Estimated value",""
"GT","Emissions Totals","404","Kenya","7225","Emissions (CH4)","6996","Farm gate","2006","2006","3050","FAO TIER 1","kilotonnes","645.4393","E","Estimated value",""
"GT","Emissions Totals","404","Kenya","7230","Emissions (N2O)","6996","Farm gate","2006","2006","3050","FAO TIER 1","kilotonnes","32.8495","E","Estimated value",""
"GT","Emissions Totals","404","Kenya","7273","Emissions (CO2)","6996","Farm gate","2006","2006","3050","FAO TIER 1","kilotonnes","462.5205","E","Estimated value",""
"GT","Emissions Totals","404","Kenya","7225","Emissions (CH4)","6996","Farm gate","2007","2007","3050","FAO TIER 1","kilotonnes","1069.8128","E","Estimated value",""
"GT","Emissions Totals","404","Kenya","7230","Emissions (N2O)","6996","Farm gate","2007","2007","3050","FAO TIER 1","kilotonnes","51.9769","E","Estimated value",""
"GT","Emissions Totals","404","Kenya","7273","Emissions (CO2)","6996","Farm gate","2007","2007","3050","FAO TIER 1","kilotonnes","530.7927","E","Estimated value",""
"GT","Emissions Totals","404","Kenya","7225","Emissions (CH4)","6996","Farm gate","2008","2008","3050","FAO TIER 1","kilotonnes","1084.7412","E","Estimated value",""
"GT","Emissions Totals","404","Kenya","7230","Emissions (N2O)","6996","Farm gate","2008","2008","3050","FAO TIER 1","kilotonnes","51.9284","E","Estimated value",""
"GT","Emissions Totals","404","Kenya","7273","Emissions (CO2)","6996","Farm gate","2008","2008","3050","FAO TIER 1","kilotonnes","518.5329","E","Estimated value",""
"GT","Emissions Totals","404","Kenya","7225","Emissions (CH4)","6996","Farm gate","2009","2009","3050","FAO TIER 1","kilotonnes","1034.7805","E","Estimated value",""
"GT","Emissions Totals","404","Kenya","7230","Emissions (N2O)","6996","Farm gate","2009","2009","3050","FAO TIER 1","kilotonnes","50.2844","E","Estimated value",""
"GT","Emissions Totals","404","Kenya","7273","Emissions (CO2)","6996","Farm gate","2009","2009","3050","FAO TIER 1","kilotonnes","539.1906","E","Estimated value",""
"GT","Emissions Totals","404","Kenya","7225","Emissions (CH4)","6996","Farm gate","2010","2010","3050","FAO TIER 1","kilotonnes","1038.9851","E","Estimated value",""
"GT","Emissions Totals","404","Kenya","7230","Emissions (N2O)","6996","Farm gate","2010","2010","3050","FAO TIER 1","kilotonnes","50.716","E","Estimated value",""
"GT","Emissions Totals","404","Kenya","7273","Emissions (CO2)","6996","Farm gate","2010","2010","3050","FAO TIER 1","kilotonnes","457.5918","E","Estimated value",""
"GT","Emissions Totals","404","Kenya","7225","Emissions (CH4)","6996","Farm gate","2011","2011","3050","FAO TIER 1","kilotonnes","1066.0151","E","Estimated value",""
"GT","Emissions Totals","404","Kenya","7230","Emissions (N2O)","6996","Farm gate","2011","2011","3050","FAO TIER 1","kilotonnes","52.3289","E","Estimated value",""
"GT","Emissions Totals","404","Kenya","7273","Emissions (CO2)","6996","Farm gate","2011","2011","3050","FAO TIER 1","kilotonnes","550.3741","E","Estimated value",""
"GT","Emissions Totals","404","Kenya","7225","Emissions (CH4)","6996","Farm gate","2012","2012","3050","FAO TIER 1","kilotonnes","1055.1832","E","Estimated value",""
"GT","Emissions Totals","404","Kenya","7230","Emissions (N2O)","6996","Farm gate","2012","2012","3050","FAO TIER 1","kilotonnes","52.5582","E","Estimated value",""
"GT","Emissions Totals","404","Kenya","7273","Emissions (CO2)","6996","Farm gate","2012","2012","3050","FAO TIER 1","kilotonnes","453.9749","E","Estimated value",""
"GT","Emissions Totals","404","Kenya","7225","Emissions (CH4)","6996","Farm gate","2013","2013","3050","FAO TIER 1","kilotonnes","1032.1554","E","Estimated value",""
"GT","Emissions Totals","404","Kenya","7230","Emissions (N2O)","6996","Farm gate","2013","2013","3050","FAO TIER 1","kilotonnes","51.8686","E","Estimated value",""
"GT","Emissions Totals","404","Kenya","7273","Emissions (CO2)","6996","Farm gate","2013","2013","3050","FAO TIER 1","kilotonnes","453.4814","E","Estimated value",""
"GT","Emissions Totals","404","Kenya","7225","Emissions (CH4)","6996","Farm gate","2014","2014","3050","FAO TIER 1","kilotonnes","1046.015","E","Estimated value",""
"GT","Emissions Totals","404","Kenya","7230","Emissions (N2O)","6996","Farm gate","2014","2014","3050","FAO TIER 1","kilotonnes","52.3309","E","Estimated value",""
"GT","Emissions Totals","404","Kenya","7273","Emissions (CO2)","6996","Farm gate","2014","2014","3050","FAO TIER 1","kilotonnes","366.0661","E","Estimated value",""
"GT","Emissions Totals","404","Kenya","7225","Emissions (CH4)","6996","Farm gate","2015","2015","3050","FAO TIER 1","kilotonnes","1061.223","E","Estimated value",""
"GT","Emissions Totals","404","Kenya","7230","Emissions (N2O)","6996","Farm gate","2015","2015","3050","FAO TIER 1","kilotonnes","51.9554","E","Estimated value",""
"GT","Emissions Totals","404","Kenya","7273","Emissions (CO2)","6996","Farm gate","2015","2015","3050","FAO TIER 1","kilotonnes","282.605","E","Estimated value",""
"GT","Emissions Totals","404","Kenya","7225","Emissions (CH4)","6996","Farm gate","2016","2016","3050","FAO TIER 1","kilotonnes","1157.818","E","Estimated value",""
"GT","Emissions Totals","404","Kenya","7230","Emissions (N2O)","6996","Farm gate","2016","2016","3050","FAO TIER 1","kilotonnes","56.9714","E","Estimated value",""
"GT","Emissions Totals","404","Kenya","7273","Emissions (CO2)","6996","Farm gate","2016","2016","3050","FAO TIER 1","kilotonnes","305.3387","E","Estimated value",""
"GT","Emissions Totals","404","Kenya","7225","Emissions (CH4)","6996","Farm gate","2017","2017","3050","FAO TIER 1","kilotonnes","1069.6745","E","Estimated value",""
"GT","Emissions Totals","404","Kenya","7230","Emissions (N2O)","6996","Farm gate","2017","2017","3050","FAO TIER 1","kilotonnes","53.399","E","Estimated value",""
"GT","Emissions Totals","404","Kenya","7273","Emissions (CO2)","6996","Farm gate","2017","2017","3050","FAO TIER 1","kilotonnes","348.6725","E","Estimated value",""
"GT","Emissions Totals","404","Kenya","7225","Emissions (CH4)","6996","Farm gate","2018","2018","3050","FAO TIER 1","kilotonnes","1112.6961","E","Estimated value",""
"GT","Emissions Totals","404","Kenya","7230","Emissions (N2O)","6996","Farm gate","2018","2018","3050","FAO TIER 1","kilotonnes","55.0989","E","Estimated value",""
"GT","Emissions Totals","404","Kenya","7273","Emissions (CO2)","6996","Farm gate","2018","2018","3050","FAO TIER 1","kilotonnes","353.2798","E","Estimated value",""
"GT","Emissions Totals","404","Kenya","7225","Emissions (CH4)","6996","Farm gate","2019","2019","3050","FAO TIER 1","kilotonnes","1301.1943","E","Estimated value",""
"GT","Emissions Totals","404","Kenya","7230","Emissions (N2O)","6996","Farm gate","2019","2019","3050","FAO TIER 1","kilotonnes","63.5819","E","Estimated value",""
"GT","Emissions Totals","404","Kenya","7273","Emissions (CO2)","6996","Farm gate","2019","2019","3050","FAO TIER 1","kilotonnes","352.2069","E","Estimated value",""
"GT","Emissions Totals","404","Kenya","7225","Emissions (CH4)","6996","Farm gate","2020","2020","3050","FAO TIER 1","kilotonnes","1327.2573","E","Estimated value",""
"GT","Emissions Totals","404","Kenya","7230","Emissions (N2O)","6996","Farm gate","2020","2020","3050","FAO TIER 1","kilotonnes","65.9641","E","Estimated value",""
"GT","Emissions Totals","404","Kenya","7273","Emissions (CO2)","6996","Farm gate","2020","2020","3050","FAO TIER 1","kilotonnes","352.2069","E","Estimated value",""
"GT","Emissions Totals","404","Kenya","7225","Emissions (CH4)","6516","Land Use change","1990","1990","3050","FAO TIER 1","kilotonnes","0.0093","E","Estimated value",""
"GT","Emissions Totals","404","Kenya","7230","Emissions (N2O)","6516","Land Use change","1990","1990","3050","FAO TIER 1","kilotonnes","0.0004","E","Estimated value",""
"GT","Emissions Totals","404","Kenya","7273","Emissions (CO2)","6516","Land Use change","1990","1990","3050","FAO TIER 1","kilotonnes","0","E","Estimated value",""
"GT","Emissions Totals","404","Kenya","7225","Emissions (CH4)","6516","Land Use change","1991","1991","3050","FAO TIER 1","kilotonnes","0.0093","E","Estimated value",""
"GT","Emissions Totals","404","Kenya","7230","Emissions (N2O)","6516","Land Use change","1991","1991","3050","FAO TIER 1","kilotonnes","0.0004","E","Estimated value",""
"GT","Emissions Totals","404","Kenya","7273","Emissions (CO2)","6516","Land Use change","1991","1991","3050","FAO TIER 1","kilotonnes","0","E","Estimated value",""
"GT","Emissions Totals","404","Kenya","7225","Emissions (CH4)","6516","Land Use change","1992","1992","3050","FAO TIER 1","kilotonnes","0.0093","E","Estimated value",""
"GT","Emissions Totals","404","Kenya","7230","Emissions (N2O)","6516","Land Use change","1992","1992","3050","FAO TIER 1","kilotonnes","0.0004","E","Estimated value",""
"GT","Emissions Totals","404","Kenya","7273","Emissions (CO2)","6516","Land Use change","1992","1992","3050","FAO TIER 1","kilotonnes","0","E","Estimated value",""
"GT","Emissions Totals","404","Kenya","7225","Emissions (CH4)","6516","Land Use change","1993","1993","3050","FAO TIER 1","kilotonnes","0.0093","E","Estimated value",""
"GT","Emissions Totals","404","Kenya","7230","Emissions (N2O)","6516","Land Use change","1993","1993","3050","FAO TIER 1","kilotonnes","0.0004","E","Estimated value",""
"GT","Emissions Totals","404","Kenya","7273","Emissions (CO2)","6516","Land Use change","1993","1993","3050","FAO TIER 1","kilotonnes","0","E","Estimated value",""
"GT","Emissions Totals","404","Kenya","7225","Emissions (CH4)","6516","Land Use change","1994","1994","3050","FAO TIER 1","kilotonnes","0.0093","E","Estimated value",""
"GT","Emissions Totals","404","Kenya","7230","Emissions (N2O)","6516","Land Use change","1994","1994","3050","FAO TIER 1","kilotonnes","0.0004","E","Estimated value",""
"GT","Emissions Totals","404","Kenya","7273","Emissions (CO2)","6516","Land Use change","1994","1994","3050","FAO TIER 1","kilotonnes","0","E","Estimated value",""
"GT","Emissions Totals","404","Kenya","7225","Emissions (CH4)","6516","Land Use change","1995","1995","3050","FAO TIER 1","kilotonnes","0.0093","E","Estimated value",""
"GT","Emissions Totals","404","Kenya","7230","Emissions (N2O)","6516","Land Use change","1995","1995","3050","FAO TIER 1","kilotonnes","0.0004","E","Estimated value",""
"GT","Emissions Totals","404","Kenya","7273","Emissions (CO2)","6516","Land Use change","1995","1995","3050","FAO TIER 1","kilotonnes","0","E","Estimated value",""
"GT","Emissions Totals","404","Kenya","7225","Emissions (CH4)","6516","Land Use change","1996","1996","3050","FAO TIER 1","kilotonnes","0.0357","E","Estimated value",""
"GT","Emissions Totals","404","Kenya","7230","Emissions (N2O)","6516","Land Use change","1996","1996","3050","FAO TIER 1","kilotonnes","0.0011","E","Estimated value",""
"GT","Emissions Totals","404","Kenya","7273","Emissions (CO2)","6516","Land Use change","1996","1996","3050","FAO TIER 1","kilotonnes","0","E","Estimated value",""
"GT","Emissions Totals","404","Kenya","7225","Emissions (CH4)","6516","Land Use change","1997","1997","3050","FAO TIER 1","kilotonnes","0.033","E","Estimated value",""
"GT","Emissions Totals","404","Kenya","7230","Emissions (N2O)","6516","Land Use change","1997","1997","3050","FAO TIER 1","kilotonnes","0.001","E","Estimated value",""
"GT","Emissions Totals","404","Kenya","7273","Emissions (CO2)","6516","Land Use change","1997","1997","3050","FAO TIER 1","kilotonnes","0","E","Estimated value",""
"GT","Emissions Totals","404","Kenya","7225","Emissions (CH4)","6516","Land Use change","1998","1998","3050","FAO TIER 1","kilotonnes","0.0548","E","Estimated value",""
"GT","Emissions Totals","404","Kenya","7230","Emissions (N2O)","6516","Land Use change","1998","1998","3050","FAO TIER 1","kilotonnes","0.0016","E","Estimated value",""
"GT","Emissions Totals","404","Kenya","7273","Emissions (CO2)","6516","Land Use change","1998","1998","3050","FAO TIER 1","kilotonnes","0","E","Estimated value",""
"GT","Emissions Totals","404","Kenya","7225","Emissions (CH4)","6516","Land Use change","1999","1999","3050","FAO TIER 1","kilotonnes","0.0464","E","Estimated value",""
"GT","Emissions Totals","404","Kenya","7230","Emissions (N2O)","6516","Land Use change","1999","1999","3050","FAO TIER 1","kilotonnes","0.0014","E","Estimated value",""
"GT","Emissions Totals","404","Kenya","7273","Emissions (CO2)","6516","Land Use change","1999","1999","3050","FAO TIER 1","kilotonnes","0","E","Estimated value",""
"GT","Emissions Totals","404","Kenya","7225","Emissions (CH4)","6516","Land Use change","2000","2000","3050","FAO TIER 1","kilotonnes","0.0192","E","Estimated value",""
"GT","Emissions Totals","404","Kenya","7230","Emissions (N2O)","6516","Land Use change","2000","2000","3050","FAO TIER 1","kilotonnes","0.0006","E","Estimated value",""
"GT","Emissions Totals","404","Kenya","7273","Emissions (CO2)","6516","Land Use change","2000","2000","3050","FAO TIER 1","kilotonnes","0","E","Estimated value",""
"GT","Emissions Totals","404","Kenya","7225","Emissions (CH4)","6516","Land Use change","2001","2001","3050","FAO TIER 1","kilotonnes","0","E","Estimated value",""
"GT","Emissions Totals","404","Kenya","7230","Emissions (N2O)","6516","Land Use change","2001","2001","3050","FAO TIER 1","kilotonnes","0","E","Estimated value",""
"GT","Emissions Totals","404","Kenya","7273","Emissions (CO2)","6516","Land Use change","2001","2001","3050","FAO TIER 1","kilotonnes","14977.4103","E","Estimated value",""
"GT","Emissions Totals","404","Kenya","7225","Emissions (CH4)","6516","Land Use change","2002","2002","3050","FAO TIER 1","kilotonnes","0","E","Estimated value",""
"GT","Emissions Totals","404","Kenya","7230","Emissions (N2O)","6516","Land Use change","2002","2002","3050","FAO TIER 1","kilotonnes","0","E","Estimated value",""
"GT","Emissions Totals","404","Kenya","7273","Emissions (CO2)","6516","Land Use change","2002","2002","3050","FAO TIER 1","kilotonnes","14977.4103","E","Estimated value",""
"GT","Emissions Totals","404","Kenya","7225","Emissions (CH4)","6516","Land Use change","2003","2003","3050","FAO TIER 1","kilotonnes","0.0027","E","Estimated value",""
"GT","Emissions Totals","404","Kenya","7230","Emissions (N2O)","6516","Land Use change","2003","2003","3050","FAO TIER 1","kilotonnes","0.0002","E","Estimated value",""
"GT","Emissions Totals","404","Kenya","7273","Emissions (CO2)","6516","Land Use change","2003","2003","3050","FAO TIER 1","kilotonnes","14977.4103","E","Estimated value",""
"GT","Emissions Totals","404","Kenya","7225","Emissions (CH4)","6516","Land Use change","2004","2004","3050","FAO TIER 1","kilotonnes","0.0053","E","Estimated value",""
"GT","Emissions Totals","404","Kenya","7230","Emissions (N2O)","6516","Land Use change","2004","2004","3050","FAO TIER 1","kilotonnes","0.0005","E","Estimated value",""
"GT","Emissions Totals","404","Kenya","7273","Emissions (CO2)","6516","Land Use change","2004","2004","3050","FAO TIER 1","kilotonnes","14977.4103","E","Estimated value",""
"GT","Emissions Totals","404","Kenya","7225","Emissions (CH4)","6516","Land Use change","2005","2005","3050","FAO TIER 1","kilotonnes","0","E","Estimated value",""
"GT","Emissions Totals","404","Kenya","7230","Emissions (N2O)","6516","Land Use change","2005","2005","3050","FAO TIER 1","kilotonnes","0","E","Estimated value",""
"GT","Emissions Totals","404","Kenya","7273","Emissions (CO2)","6516","Land Use change","2005","2005","3050","FAO TIER 1","kilotonnes","14977.4103","E","Estimated value",""
"GT","Emissions Totals","404","Kenya","7225","Emissions (CH4)","6516","Land Use change","2006","2006","3050","FAO TIER 1","kilotonnes","0","E","Estimated value",""
"GT","Emissions Totals","404","Kenya","7230","Emissions (N2O)","6516","Land Use change","2006","2006","3050","FAO TIER 1","kilotonnes","0","E","Estimated value",""
"GT","Emissions Totals","404","Kenya","7273","Emissions (CO2)","6516","Land Use change","2006","2006","3050","FAO TIER 1","kilotonnes","14977.4103","E","Estimated value",""
"GT","Emissions Totals","404","Kenya","7225","Emissions (CH4)","6516","Land Use change","2007","2007","3050","FAO TIER 1","kilotonnes","0.016","E","Estimated value",""
"GT","Emissions Totals","404","Kenya","7230","Emissions (N2O)","6516","Land Use change","2007","2007","3050","FAO TIER 1","kilotonnes","0.0015","E","Estimated value",""
"GT","Emissions Totals","404","Kenya","7273","Emissions (CO2)","6516","Land Use change","2007","2007","3050","FAO TIER 1","kilotonnes","14977.4103","E","Estimated value",""
"GT","Emissions Totals","404","Kenya","7225","Emissions (CH4)","6516","Land Use change","2008","2008","3050","FAO TIER 1","kilotonnes","0","E","Estimated value",""
"GT","Emissions Totals","404","Kenya","7230","Emissions (N2O)","6516","Land Use change","2008","2008","3050","FAO TIER 1","kilotonnes","0","E","Estimated value",""
"GT","Emissions Totals","404","Kenya","7273","Emissions (CO2)","6516","Land Use change","2008","2008","3050","FAO TIER 1","kilotonnes","14977.4103","E","Estimated value",""
"GT","Emissions Totals","404","Kenya","7225","Emissions (CH4)","6516","Land Use change","2009","2009","3050","FAO TIER 1","kilotonnes","0","E","Estimated value",""
"GT","Emissions Totals","404","Kenya","7230","Emissions (N2O)","6516","Land Use change","2009","2009","3050","FAO TIER 1","kilotonnes","0","E","Estimated value",""
"GT","Emissions Totals","404","Kenya","7273","Emissions (CO2)","6516","Land Use change","2009","2009","3050","FAO TIER 1","kilotonnes","14977.4103","E","Estimated value",""
"GT","Emissions Totals","404","Kenya","7225","Emissions (CH4)","6516","Land Use change","2010","2010","3050","FAO TIER 1","kilotonnes","0.0106","E","Estimated value",""
"GT","Emissions Totals","404","Kenya","7230","Emissions (N2O)","6516","Land Use change","2010","2010","3050","FAO TIER 1","kilotonnes","0.001","E","Estimated value",""
"GT","Emissions Totals","404","Kenya","7273","Emissions (CO2)","6516","Land Use change","2010","2010","3050","FAO TIER 1","kilotonnes","14977.4103","E","Estimated value",""
"GT","Emissions Totals","404","Kenya","7225","Emissions (CH4)","6516","Land Use change","2011","2011","3050","FAO TIER 1","kilotonnes","0","E","Estimated value",""
"GT","Emissions Totals","404","Kenya","7230","Emissions (N2O)","6516","Land Use change","2011","2011","3050","FAO TIER 1","kilotonnes","0","E","Estimated value",""
"GT","Emissions Totals","404","Kenya","7273","Emissions (CO2)","6516","Land Use change","2011","2011","3050","FAO TIER 1","kilotonnes","8157.6953","E","Estimated value",""
"GT","Emissions Totals","404","Kenya","7225","Emissions (CH4)","6516","Land Use change","2012","2012","3050","FAO TIER 1","kilotonnes","0","E","Estimated value",""
"GT","Emissions Totals","404","Kenya","7230","Emissions (N2O)","6516","Land Use change","2012","2012","3050","FAO TIER 1","kilotonnes","0","E","Estimated value",""
"GT","Emissions Totals","404","Kenya","7273","Emissions (CO2)","6516","Land Use change","2012","2012","3050","FAO TIER 1","kilotonnes","8157.6953","E","Estimated value",""
"GT","Emissions Totals","404","Kenya","7225","Emissions (CH4)","6516","Land Use change","2013","2013","3050","FAO TIER 1","kilotonnes","0","E","Estimated value",""
"GT","Emissions Totals","404","Kenya","7230","Emissions (N2O)","6516","Land Use change","2013","2013","3050","FAO TIER 1","kilotonnes","0","E","Estimated value",""
"GT","Emissions Totals","404","Kenya","7273","Emissions (CO2)","6516","Land Use change","2013","2013","3050","FAO TIER 1","kilotonnes","8157.6953","E","Estimated value",""
"GT","Emissions Totals","404","Kenya","7225","Emissions (CH4)","6516","Land Use change","2014","2014","3050","FAO TIER 1","kilotonnes","0","E","Estimated value",""
"GT","Emissions Totals","404","Kenya","7230","Emissions (N2O)","6516","Land Use change","2014","2014","3050","FAO TIER 1","kilotonnes","0","E","Estimated value",""
"GT","Emissions Totals","404","Kenya","7273","Emissions (CO2)","6516","Land Use change","2014","2014","3050","FAO TIER 1","kilotonnes","8157.6953","E","Estimated value",""
"GT","Emissions Totals","404","Kenya","7225","Emissions (CH4)","6516","Land Use change","2015","2015","3050","FAO TIER 1","kilotonnes","0","E","Estimated value",""
"GT","Emissions Totals","404","Kenya","7230","Emissions (N2O)","6516","Land Use change","2015","2015","3050","FAO TIER 1","kilotonnes","0","E","Estimated value",""
"GT","Emissions Totals","404","Kenya","7273","Emissions (CO2)","6516","Land Use change","2015","2015","3050","FAO TIER 1","kilotonnes","8157.6953","E","Estimated value",""
"GT","Emissions Totals","404","Kenya","7225","Emissions (CH4)","6516","Land Use change","2016","2016","3050","FAO TIER 1","kilotonnes","0","E","Estimated value",""
"GT","Emissions Totals","404","Kenya","7230","Emissions (N2O)","6516","Land Use change","2016","2016","3050","FAO TIER 1","kilotonnes","0","E","Estimated value",""
"GT","Emissions Totals","404","Kenya","7273","Emissions (CO2)","6516","Land Use change","2016","2016","3050","FAO TIER 1","kilotonnes","0","E","Estimated value",""
"GT","Emissions Totals","404","Kenya","7225","Emissions (CH4)","6516","Land Use change","2017","2017","3050","FAO TIER 1","kilotonnes","0","E","Estimated value",""
"GT","Emissions Totals","404","Kenya","7230","Emissions (N2O)","6516","Land Use change","2017","2017","3050","FAO TIER 1","kilotonnes","0","E","Estimated value",""
"GT","Emissions Totals","404","Kenya","7273","Emissions (CO2)","6516","Land Use change","2017","2017","3050","FAO TIER 1","kilotonnes","0","E","Estimated value",""
"GT","Emissions Totals","404","Kenya","7225","Emissions (CH4)","6516","Land Use change","2018","2018","3050","FAO TIER 1","kilotonnes","0","E","Estimated value",""
"GT","Emissions Totals","404","Kenya","7230","Emissions (N2O)","6516","Land Use change","2018","2018","3050","FAO TIER 1","kilotonnes","0","E","Estimated value",""
"GT","Emissions Totals","404","Kenya","7273","Emissions (CO2)","6516","Land Use change","2018","2018","3050","FAO TIER 1","kilotonnes","0","E","Estimated value",""
"GT","Emissions Totals","404","Kenya","7225","Emissions (CH4)","6516","Land Use change","2019","2019","3050","FAO TIER 1","kilotonnes","0.0027","E","Estimated value",""
"GT","Emissions Totals","404","Kenya","7230","Emissions (N2O)","6516","Land Use change","2019","2019","3050","FAO TIER 1","kilotonnes","0.0002","E","Estimated value",""
"GT","Emissions Totals","404","Kenya","7273","Emissions (CO2)","6516","Land Use change","2019","2019","3050","FAO TIER 1","kilotonnes","0","E","Estimated value",""
"GT","Emissions Totals","404","Kenya","7225","Emissions (CH4)","6516","Land Use change","2020","2020","3050","FAO TIER 1","kilotonnes","0.016","E","Estimated value",""
"GT","Emissions Totals","404","Kenya","7230","Emissions (N2O)","6516","Land Use change","2020","2020","3050","FAO TIER 1","kilotonnes","0.0015","E","Estimated value",""
"GT","Emissions Totals","404","Kenya","7273","Emissions (CO2)","6516","Land Use change","2020","2020","3050","FAO TIER 1","kilotonnes","0","E","Estimated value",""
"GT","Emissions Totals","404","Kenya","7225","Emissions (CH4)","6995","Emissions on agricultural land","1990","1990","3050","FAO TIER 1","kilotonnes","661.7297","E","Estimated value",""
"GT","Emissions Totals","404","Kenya","7230","Emissions (N2O)","6995","Emissions on agricultural land","1990","1990","3050","FAO TIER 1","kilotonnes","33.0265","E","Estimated value",""
"GT","Emissions Totals","404","Kenya","7273","Emissions (CO2)","6995","Emissions on agricultural land","1990","1990","3050","FAO TIER 1","kilotonnes","359.6318","E","Estimated value",""
"GT","Emissions Totals","404","Kenya","7225","Emissions (CH4)","6995","Emissions on agricultural land","1991","1991","3050","FAO TIER 1","kilotonnes","631.7888","E","Estimated value",""
"GT","Emissions Totals","404","Kenya","7230","Emissions (N2O)","6995","Emissions on agricultural land","1991","1991","3050","FAO TIER 1","kilotonnes","31.8009","E","Estimated value",""
"GT","Emissions Totals","404","Kenya","7273","Emissions (CO2)","6995","Emissions on agricultural land","1991","1991","3050","FAO TIER 1","kilotonnes","315.0532","E","Estimated value",""
"GT","Emissions Totals","404","Kenya","7225","Emissions (CH4)","6995","Emissions on agricultural land","1992","1992","3050","FAO TIER 1","kilotonnes","626.9089","E","Estimated value",""
"GT","Emissions Totals","404","Kenya","7230","Emissions (N2O)","6995","Emissions on agricultural land","1992","1992","3050","FAO TIER 1","kilotonnes","31.6067","E","Estimated value",""
"GT","Emissions Totals","404","Kenya","7273","Emissions (CO2)","6995","Emissions on agricultural land","1992","1992","3050","FAO TIER 1","kilotonnes","357.221","E","Estimated value",""
"GT","Emissions Totals","404","Kenya","7225","Emissions (CH4)","6995","Emissions on agricultural land","1993","1993","3050","FAO TIER 1","kilotonnes","622.3272","E","Estimated value",""
"GT","Emissions Totals","404","Kenya","7230","Emissions (N2O)","6995","Emissions on agricultural land","1993","1993","3050","FAO TIER 1","kilotonnes","31.2151","E","Estimated value",""
"GT","Emissions Totals","404","Kenya","7273","Emissions (CO2)","6995","Emissions on agricultural land","1993","1993","3050","FAO TIER 1","kilotonnes","364.7542","E","Estimated value",""
"GT","Emissions Totals","404","Kenya","7225","Emissions (CH4)","6995","Emissions on agricultural land","1994","1994","3050","FAO TIER 1","kilotonnes","623.556","E","Estimated value",""
"GT","Emissions Totals","404","Kenya","7230","Emissions (N2O)","6995","Emissions on agricultural land","1994","1994","3050","FAO TIER 1","kilotonnes","31.5944","E","Estimated value",""
"GT","Emissions Totals","404","Kenya","7273","Emissions (CO2)","6995","Emissions on agricultural land","1994","1994","3050","FAO TIER 1","kilotonnes","388.9654","E","Estimated value",""
"GT","Emissions Totals","404","Kenya","7225","Emissions (CH4)","6995","Emissions on agricultural land","1995","1995","3050","FAO TIER 1","kilotonnes","619.2274","E","Estimated value",""
"GT","Emissions Totals","404","Kenya","7230","Emissions (N2O)","6995","Emissions on agricultural land","1995","1995","3050","FAO TIER 1","kilotonnes","31.0343","E","Estimated value",""
"GT","Emissions Totals","404","Kenya","7273","Emissions (CO2)","6995","Emissions on agricultural land","1995","1995","3050","FAO TIER 1","kilotonnes","400.2236","E","Estimated value",""
"GT","Emissions Totals","404","Kenya","7225","Emissions (CH4)","6995","Emissions on agricultural land","1996","1996","3050","FAO TIER 1","kilotonnes","578.689","E","Estimated value",""
"GT","Emissions Totals","404","Kenya","7230","Emissions (N2O)","6995","Emissions on agricultural land","1996","1996","3050","FAO TIER 1","kilotonnes","29.6976","E","Estimated value",""
"GT","Emissions Totals","404","Kenya","7273","Emissions (CO2)","6995","Emissions on agricultural land","1996","1996","3050","FAO TIER 1","kilotonnes","468.1274","E","Estimated value",""
"GT","Emissions Totals","404","Kenya","7225","Emissions (CH4)","6995","Emissions on agricultural land","1997","1997","3050","FAO TIER 1","kilotonnes","577.0355","E","Estimated value",""
"GT","Emissions Totals","404","Kenya","7230","Emissions (N2O)","6995","Emissions on agricultural land","1997","1997","3050","FAO TIER 1","kilotonnes","29.4912","E","Estimated value",""
"GT","Emissions Totals","404","Kenya","7273","Emissions (CO2)","6995","Emissions on agricultural land","1997","1997","3050","FAO TIER 1","kilotonnes","332.6224","E","Estimated value",""
"GT","Emissions Totals","404","Kenya","7225","Emissions (CH4)","6995","Emissions on agricultural land","1998","1998","3050","FAO TIER 1","kilotonnes","588.1741","E","Estimated value",""
"GT","Emissions Totals","404","Kenya","7230","Emissions (N2O)","6995","Emissions on agricultural land","1998","1998","3050","FAO TIER 1","kilotonnes","30.5193","E","Estimated value",""
"GT","Emissions Totals","404","Kenya","7273","Emissions (CO2)","6995","Emissions on agricultural land","1998","1998","3050","FAO TIER 1","kilotonnes","360.3571","E","Estimated value",""
"GT","Emissions Totals","404","Kenya","7225","Emissions (CH4)","6995","Emissions on agricultural land","1999","1999","3050","FAO TIER 1","kilotonnes","629.4518","E","Estimated value",""
"GT","Emissions Totals","404","Kenya","7230","Emissions (N2O)","6995","Emissions on agricultural land","1999","1999","3050","FAO TIER 1","kilotonnes","32.0728","E","Estimated value",""
"GT","Emissions Totals","404","Kenya","7273","Emissions (CO2)","6995","Emissions on agricultural land","1999","1999","3050","FAO TIER 1","kilotonnes","325.2897","E","Estimated value",""
"GT","Emissions Totals","404","Kenya","7225","Emissions (CH4)","6995","Emissions on agricultural land","2000","2000","3050","FAO TIER 1","kilotonnes","573.3129","E","Estimated value",""
"GT","Emissions Totals","404","Kenya","7230","Emissions (N2O)","6995","Emissions on agricultural land","2000","2000","3050","FAO TIER 1","kilotonnes","29.6156","E","Estimated value",""
"GT","Emissions Totals","404","Kenya","7273","Emissions (CO2)","6995","Emissions on agricultural land","2000","2000","3050","FAO TIER 1","kilotonnes","317.9106","E","Estimated value",""
"GT","Emissions Totals","404","Kenya","7225","Emissions (CH4)","6995","Emissions on agricultural land","2001","2001","3050","FAO TIER 1","kilotonnes","571.0994","E","Estimated value",""
"GT","Emissions Totals","404","Kenya","7230","Emissions (N2O)","6995","Emissions on agricultural land","2001","2001","3050","FAO TIER 1","kilotonnes","29.8493","E","Estimated value",""
"GT","Emissions Totals","404","Kenya","7273","Emissions (CO2)","6995","Emissions on agricultural land","2001","2001","3050","FAO TIER 1","kilotonnes","15362.851","E","Estimated value",""
"GT","Emissions Totals","404","Kenya","7225","Emissions (CH4)","6995","Emissions on agricultural land","2002","2002","3050","FAO TIER 1","kilotonnes","598.706","E","Estimated value",""
"GT","Emissions Totals","404","Kenya","7230","Emissions (N2O)","6995","Emissions on agricultural land","2002","2002","3050","FAO TIER 1","kilotonnes","30.8274","E","Estimated value",""
"GT","Emissions Totals","404","Kenya","7273","Emissions (CO2)","6995","Emissions on agricultural land","2002","2002","3050","FAO TIER 1","kilotonnes","15388.6504","E","Estimated value",""
"GT","Emissions Totals","404","Kenya","7225","Emissions (CH4)","6995","Emissions on agricultural land","2003","2003","3050","FAO TIER 1","kilotonnes","641.4557","E","Estimated value",""
"GT","Emissions Totals","404","Kenya","7230","Emissions (N2O)","6995","Emissions on agricultural land","2003","2003","3050","FAO TIER 1","kilotonnes","33.0763","E","Estimated value",""
"GT","Emissions Totals","404","Kenya","7273","Emissions (CO2)","6995","Emissions on agricultural land","2003","2003","3050","FAO TIER 1","kilotonnes","15449.4201","E","Estimated value",""
"GT","Emissions Totals","404","Kenya","7225","Emissions (CH4)","6995","Emissions on agricultural land","2004","2004","3050","FAO TIER 1","kilotonnes","687.0778","E","Estimated value",""
"GT","Emissions Totals","404","Kenya","7230","Emissions (N2O)","6995","Emissions on agricultural land","2004","2004","3050","FAO TIER 1","kilotonnes","34.6342","E","Estimated value",""
"GT","Emissions Totals","404","Kenya","7273","Emissions (CO2)","6995","Emissions on agricultural land","2004","2004","3050","FAO TIER 1","kilotonnes","15412.7133","E","Estimated value",""
"GT","Emissions Totals","404","Kenya","7225","Emissions (CH4)","6995","Emissions on agricultural land","2005","2005","3050","FAO TIER 1","kilotonnes","661.7886","E","Estimated value",""
"GT","Emissions Totals","404","Kenya","7230","Emissions (N2O)","6995","Emissions on agricultural land","2005","2005","3050","FAO TIER 1","kilotonnes","34.2433","E","Estimated value",""
"GT","Emissions Totals","404","Kenya","7273","Emissions (CO2)","6995","Emissions on agricultural land","2005","2005","3050","FAO TIER 1","kilotonnes","15382.262","E","Estimated value",""
"GT","Emissions Totals","404","Kenya","7225","Emissions (CH4)","6995","Emissions on agricultural land","2006","2006","3050","FAO TIER 1","kilotonnes","645.4393","E","Estimated value",""
"GT","Emissions Totals","404","Kenya","7230","Emissions (N2O)","6995","Emissions on agricultural land","2006","2006","3050","FAO TIER 1","kilotonnes","32.8495","E","Estimated value",""
"GT","Emissions Totals","404","Kenya","7273","Emissions (CO2)","6995","Emissions on agricultural land","2006","2006","3050","FAO TIER 1","kilotonnes","15439.9308","E","Estimated value",""
"GT","Emissions Totals","404","Kenya","7225","Emissions (CH4)","6995","Emissions on agricultural land","2007","2007","3050","FAO TIER 1","kilotonnes","1069.8287","E","Estimated value",""
"GT","Emissions Totals","404","Kenya","7230","Emissions (N2O)","6995","Emissions on agricultural land","2007","2007","3050","FAO TIER 1","kilotonnes","51.9784","E","Estimated value",""
"GT","Emissions Totals","404","Kenya","7273","Emissions (CO2)","6995","Emissions on agricultural land","2007","2007","3050","FAO TIER 1","kilotonnes","15508.2029","E","Estimated value",""
"GT","Emissions Totals","404","Kenya","7225","Emissions (CH4)","6995","Emissions on agricultural land","2008","2008","3050","FAO TIER 1","kilotonnes","1084.7412","E","Estimated value",""
"GT","Emissions Totals","404","Kenya","7230","Emissions (N2O)","6995","Emissions on agricultural land","2008","2008","3050","FAO TIER 1","kilotonnes","51.9284","E","Estimated value",""
"GT","Emissions Totals","404","Kenya","7273","Emissions (CO2)","6995","Emissions on agricultural land","2008","2008","3050","FAO TIER 1","kilotonnes","15495.9432","E","Estimated value",""
"GT","Emissions Totals","404","Kenya","7225","Emissions (CH4)","6995","Emissions on agricultural land","2009","2009","3050","FAO TIER 1","kilotonnes","1034.7805","E","Estimated value",""
"GT","Emissions Totals","404","Kenya","7230","Emissions (N2O)","6995","Emissions on agricultural land","2009","2009","3050","FAO TIER 1","kilotonnes","50.2844","E","Estimated value",""
"GT","Emissions Totals","404","Kenya","7273","Emissions (CO2)","6995","Emissions on agricultural land","2009","2009","3050","FAO TIER 1","kilotonnes","15516.6008","E","Estimated value",""
"GT","Emissions Totals","404","Kenya","7225","Emissions (CH4)","6995","Emissions on agricultural land","2010","2010","3050","FAO TIER 1","kilotonnes","1038.9958","E","Estimated value",""
"GT","Emissions Totals","404","Kenya","7230","Emissions (N2O)","6995","Emissions on agricultural land","2010","2010","3050","FAO TIER 1","kilotonnes","50.717","E","Estimated value",""
"GT","Emissions Totals","404","Kenya","7273","Emissions (CO2)","6995","Emissions on agricultural land","2010","2010","3050","FAO TIER 1","kilotonnes","15435.0021","E","Estimated value",""
"GT","Emissions Totals","404","Kenya","7225","Emissions (CH4)","6995","Emissions on agricultural land","2011","2011","3050","FAO TIER 1","kilotonnes","1066.0151","E","Estimated value",""
"GT","Emissions Totals","404","Kenya","7230","Emissions (N2O)","6995","Emissions on agricultural land","2011","2011","3050","FAO TIER 1","kilotonnes","52.3289","E","Estimated value",""
"GT","Emissions Totals","404","Kenya","7273","Emissions (CO2)","6995","Emissions on agricultural land","2011","2011","3050","FAO TIER 1","kilotonnes","8708.0694","E","Estimated value",""
"GT","Emissions Totals","404","Kenya","7225","Emissions (CH4)","6995","Emissions on agricultural land","2012","2012","3050","FAO TIER 1","kilotonnes","1055.1832","E","Estimated value",""
"GT","Emissions Totals","404","Kenya","7230","Emissions (N2O)","6995","Emissions on agricultural land","2012","2012","3050","FAO TIER 1","kilotonnes","52.5582","E","Estimated value",""
"GT","Emissions Totals","404","Kenya","7273","Emissions (CO2)","6995","Emissions on agricultural land","2012","2012","3050","FAO TIER 1","kilotonnes","8611.6701","E","Estimated value",""
"GT","Emissions Totals","404","Kenya","7225","Emissions (CH4)","6995","Emissions on agricultural land","2013","2013","3050","FAO TIER 1","kilotonnes","1032.1554","E","Estimated value",""
"GT","Emissions Totals","404","Kenya","7230","Emissions (N2O)","6995","Emissions on agricultural land","2013","2013","3050","FAO TIER 1","kilotonnes","51.8686","E","Estimated value",""
"GT","Emissions Totals","404","Kenya","7273","Emissions (CO2)","6995","Emissions on agricultural land","2013","2013","3050","FAO TIER 1","kilotonnes","8611.1766","E","Estimated value",""
"GT","Emissions Totals","404","Kenya","7225","Emissions (CH4)","6995","Emissions on agricultural land","2014","2014","3050","FAO TIER 1","kilotonnes","1046.015","E","Estimated value",""
"GT","Emissions Totals","404","Kenya","7230","Emissions (N2O)","6995","Emissions on agricultural land","2014","2014","3050","FAO TIER 1","kilotonnes","52.3309","E","Estimated value",""
"GT","Emissions Totals","404","Kenya","7273","Emissions (CO2)","6995","Emissions on agricultural land","2014","2014","3050","FAO TIER 1","kilotonnes","8523.7614","E","Estimated value",""
"GT","Emissions Totals","404","Kenya","7225","Emissions (CH4)","6995","Emissions on agricultural land","2015","2015","3050","FAO TIER 1","kilotonnes","1061.223","E","Estimated value",""
"GT","Emissions Totals","404","Kenya","7230","Emissions (N2O)","6995","Emissions on agricultural land","2015","2015","3050","FAO TIER 1","kilotonnes","51.9554","E","Estimated value",""
"GT","Emissions Totals","404","Kenya","7273","Emissions (CO2)","6995","Emissions on agricultural land","2015","2015","3050","FAO TIER 1","kilotonnes","8440.3002","E","Estimated value",""
"GT","Emissions Totals","404","Kenya","7225","Emissions (CH4)","6995","Emissions on agricultural land","2016","2016","3050","FAO TIER 1","kilotonnes","1157.818","E","Estimated value",""
"GT","Emissions Totals","404","Kenya","7230","Emissions (N2O)","6995","Emissions on agricultural land","2016","2016","3050","FAO TIER 1","kilotonnes","56.9714","E","Estimated value",""
"GT","Emissions Totals","404","Kenya","7273","Emissions (CO2)","6995","Emissions on agricultural land","2016","2016","3050","FAO TIER 1","kilotonnes","305.3387","E","Estimated value",""
"GT","Emissions Totals","404","Kenya","7225","Emissions (CH4)","6995","Emissions on agricultural land","2017","2017","3050","FAO TIER 1","kilotonnes","1069.6745","E","Estimated value",""
"GT","Emissions Totals","404","Kenya","7230","Emissions (N2O)","6995","Emissions on agricultural land","2017","2017","3050","FAO TIER 1","kilotonnes","53.399","E","Estimated value",""
"GT","Emissions Totals","404","Kenya","7273","Emissions (CO2)","6995","Emissions on agricultural land","2017","2017","3050","FAO TIER 1","kilotonnes","348.6725","E","Estimated value",""
"GT","Emissions Totals","404","Kenya","7225","Emissions (CH4)","6995","Emissions on agricultural land","2018","2018","3050","FAO TIER 1","kilotonnes","1112.6961","E","Estimated value",""
"GT","Emissions Totals","404","Kenya","7230","Emissions (N2O)","6995","Emissions on agricultural land","2018","2018","3050","FAO TIER 1","kilotonnes","55.0989","E","Estimated value",""
"GT","Emissions Totals","404","Kenya","7273","Emissions (CO2)","6995","Emissions on agricultural land","2018","2018","3050","FAO TIER 1","kilotonnes","353.2798","E","Estimated value",""
"GT","Emissions Totals","404","Kenya","7225","Emissions (CH4)","6995","Emissions on agricultural land","2019","2019","3050","FAO TIER 1","kilotonnes","1301.197","E","Estimated value",""
"GT","Emissions Totals","404","Kenya","7230","Emissions (N2O)","6995","Emissions on agricultural land","2019","2019","3050","FAO TIER 1","kilotonnes","63.5821","E","Estimated value",""
"GT","Emissions Totals","404","Kenya","7273","Emissions (CO2)","6995","Emissions on agricultural land","2019","2019","3050","FAO TIER 1","kilotonnes","352.2069","E","Estimated value",""
"GT","Emissions Totals","404","Kenya","7225","Emissions (CH4)","6995","Emissions on agricultural land","2020","2020","3050","FAO TIER 1","kilotonnes","1327.2732","E","Estimated value",""
"GT","Emissions Totals","404","Kenya","7230","Emissions (N2O)","6995","Emissions on agricultural land","2020","2020","3050","FAO TIER 1","kilotonnes","65.9656","E","Estimated value",""
"GT","Emissions Totals","404","Kenya","7273","Emissions (CO2)","6995","Emissions on agricultural land","2020","2020","3050","FAO TIER 1","kilotonnes","352.2069","E","Estimated value",""
"GT","Emissions Totals","404","Kenya","7225","Emissions (CH4)","6517","Pre- and post- production","1990","1990","3050","FAO TIER 1","kilotonnes","171.2565","E","Estimated value",""
"GT","Emissions Totals","404","Kenya","7230","Emissions (N2O)","6517","Pre- and post- production","1990","1990","3050","FAO TIER 1","kilotonnes","0.4982","E","Estimated value",""
"GT","Emissions Totals","404","Kenya","7273","Emissions (CO2)","6517","Pre- and post- production","1990","1990","3050","FAO TIER 1","kilotonnes","485.7824","E","Estimated value",""
"GT","Emissions Totals","404","Kenya","7225","Emissions (CH4)","6517","Pre- and post- production","1991","1991","3050","FAO TIER 1","kilotonnes","174.3624","E","Estimated value",""
"GT","Emissions Totals","404","Kenya","7230","Emissions (N2O)","6517","Pre- and post- production","1991","1991","3050","FAO TIER 1","kilotonnes","0.5017","E","Estimated value",""
"GT","Emissions Totals","404","Kenya","7273","Emissions (CO2)","6517","Pre- and post- production","1991","1991","3050","FAO TIER 1","kilotonnes","468.601","E","Estimated value",""
"GT","Emissions Totals","404","Kenya","7225","Emissions (CH4)","6517","Pre- and post- production","1992","1992","3050","FAO TIER 1","kilotonnes","176.8032","E","Estimated value",""
"GT","Emissions Totals","404","Kenya","7230","Emissions (N2O)","6517","Pre- and post- production","1992","1992","3050","FAO TIER 1","kilotonnes","0.496","E","Estimated value",""
"GT","Emissions Totals","404","Kenya","7273","Emissions (CO2)","6517","Pre- and post- production","1992","1992","3050","FAO TIER 1","kilotonnes","466.6885","E","Estimated value",""
"GT","Emissions Totals","404","Kenya","7225","Emissions (CH4)","6517","Pre- and post- production","1993","1993","3050","FAO TIER 1","kilotonnes","178.3075","E","Estimated value",""
"GT","Emissions Totals","404","Kenya","7230","Emissions (N2O)","6517","Pre- and post- production","1993","1993","3050","FAO TIER 1","kilotonnes","0.5082","E","Estimated value",""
"GT","Emissions Totals","404","Kenya","7273","Emissions (CO2)","6517","Pre- and post- production","1993","1993","3050","FAO TIER 1","kilotonnes","450.6251","E","Estimated value",""
"GT","Emissions Totals","404","Kenya","7225","Emissions (CH4)","6517","Pre- and post- production","1994","1994","3050","FAO TIER 1","kilotonnes","180.0512","E","Estimated value",""
"GT","Emissions Totals","404","Kenya","7230","Emissions (N2O)","6517","Pre- and post- production","1994","1994","3050","FAO TIER 1","kilotonnes","0.5815","E","Estimated value",""
"GT","Emissions Totals","404","Kenya","7273","Emissions (CO2)","6517","Pre- and post- production","1994","1994","3050","FAO TIER 1","kilotonnes","534.1224","E","Estimated value",""
"GT","Emissions Totals","404","Kenya","7225","Emissions (CH4)","6517","Pre- and post- production","1995","1995","3050","FAO TIER 1","kilotonnes","182.8002","E","Estimated value",""
"GT","Emissions Totals","404","Kenya","7230","Emissions (N2O)","6517","Pre- and post- production","1995","1995","3050","FAO TIER 1","kilotonnes","0.5973","E","Estimated value",""
"GT","Emissions Totals","404","Kenya","7273","Emissions (CO2)","6517","Pre- and post- production","1995","1995","3050","FAO TIER 1","kilotonnes","577.117","E","Estimated value",""
"GT","Emissions Totals","404","Kenya","7225","Emissions (CH4)","6517","Pre- and post- production","1996","1996","3050","FAO TIER 1","kilotonnes","184.9683","E","Estimated value",""
"GT","Emissions Totals","404","Kenya","7230","Emissions (N2O)","6517","Pre- and post- production","1996","1996","3050","FAO TIER 1","kilotonnes","0.6129","E","Estimated value",""
"GT","Emissions Totals","404","Kenya","7273","Emissions (CO2)","6517","Pre- and post- production","1996","1996","3050","FAO TIER 1","kilotonnes","615.6086","E","Estimated value",""
"GT","Emissions Totals","404","Kenya","7225","Emissions (CH4)","6517","Pre- and post- production","1997","1997","3050","FAO TIER 1","kilotonnes","186.7972","E","Estimated value",""
"GT","Emissions Totals","404","Kenya","7230","Emissions (N2O)","6517","Pre- and post- production","1997","1997","3050","FAO TIER 1","kilotonnes","0.623","E","Estimated value",""
"GT","Emissions Totals","404","Kenya","7273","Emissions (CO2)","6517","Pre- and post- production","1997","1997","3050","FAO TIER 1","kilotonnes","621.7777","E","Estimated value",""
"GT","Emissions Totals","404","Kenya","7225","Emissions (CH4)","6517","Pre- and post- production","1998","1998","3050","FAO TIER 1","kilotonnes","188.9685","E","Estimated value",""
"GT","Emissions Totals","404","Kenya","7230","Emissions (N2O)","6517","Pre- and post- production","1998","1998","3050","FAO TIER 1","kilotonnes","0.6527","E","Estimated value",""
"GT","Emissions Totals","404","Kenya","7273","Emissions (CO2)","6517","Pre- and post- production","1998","1998","3050","FAO TIER 1","kilotonnes","679.2139","E","Estimated value",""
"GT","Emissions Totals","404","Kenya","7225","Emissions (CH4)","6517","Pre- and post- production","1999","1999","3050","FAO TIER 1","kilotonnes","190.6027","E","Estimated value",""
"GT","Emissions Totals","404","Kenya","7230","Emissions (N2O)","6517","Pre- and post- production","1999","1999","3050","FAO TIER 1","kilotonnes","0.6605","E","Estimated value",""
"GT","Emissions Totals","404","Kenya","7273","Emissions (CO2)","6517","Pre- and post- production","1999","1999","3050","FAO TIER 1","kilotonnes","757.2863","E","Estimated value",""
"GT","Emissions Totals","404","Kenya","7225","Emissions (CH4)","6517","Pre- and post- production","2000","2000","3050","FAO TIER 1","kilotonnes","191.7217","E","Estimated value",""
"GT","Emissions Totals","404","Kenya","7230","Emissions (N2O)","6517","Pre- and post- production","2000","2000","3050","FAO TIER 1","kilotonnes","0.6626","E","Estimated value",""
"GT","Emissions Totals","404","Kenya","7273","Emissions (CO2)","6517","Pre- and post- production","2000","2000","3050","FAO TIER 1","kilotonnes","790.211","E","Estimated value",""
"GT","Emissions Totals","404","Kenya","7225","Emissions (CH4)","6517","Pre- and post- production","2001","2001","3050","FAO TIER 1","kilotonnes","193.0355","E","Estimated value",""
"GT","Emissions Totals","404","Kenya","7230","Emissions (N2O)","6517","Pre- and post- production","2001","2001","3050","FAO TIER 1","kilotonnes","0.6659","E","Estimated value",""
"GT","Emissions Totals","404","Kenya","7273","Emissions (CO2)","6517","Pre- and post- production","2001","2001","3050","FAO TIER 1","kilotonnes","687.5284","E","Estimated value",""
"GT","Emissions Totals","404","Kenya","7225","Emissions (CH4)","6517","Pre- and post- production","2002","2002","3050","FAO TIER 1","kilotonnes","195.0735","E","Estimated value",""
"GT","Emissions Totals","404","Kenya","7230","Emissions (N2O)","6517","Pre- and post- production","2002","2002","3050","FAO TIER 1","kilotonnes","0.7082","E","Estimated value",""
"GT","Emissions Totals","404","Kenya","7273","Emissions (CO2)","6517","Pre- and post- production","2002","2002","3050","FAO TIER 1","kilotonnes","641.5812","E","Estimated value",""
"GT","Emissions Totals","404","Kenya","7225","Emissions (CH4)","6517","Pre- and post- production","2003","2003","3050","FAO TIER 1","kilotonnes","196.4845","E","Estimated value",""
"GT","Emissions Totals","404","Kenya","7230","Emissions (N2O)","6517","Pre- and post- production","2003","2003","3050","FAO TIER 1","kilotonnes","0.7035","E","Estimated value",""
"GT","Emissions Totals","404","Kenya","7273","Emissions (CO2)","6517","Pre- and post- production","2003","2003","3050","FAO TIER 1","kilotonnes","526.7973","E","Estimated value",""
"GT","Emissions Totals","404","Kenya","7225","Emissions (CH4)","6517","Pre- and post- production","2004","2004","3050","FAO TIER 1","kilotonnes","197.7612","E","Estimated value",""
"GT","Emissions Totals","404","Kenya","7230","Emissions (N2O)","6517","Pre- and post- production","2004","2004","3050","FAO TIER 1","kilotonnes","0.7292","E","Estimated value",""
"GT","Emissions Totals","404","Kenya","7273","Emissions (CO2)","6517","Pre- and post- production","2004","2004","3050","FAO TIER 1","kilotonnes","612.2528","E","Estimated value",""
"GT","Emissions Totals","404","Kenya","7225","Emissions (CH4)","6517","Pre- and post- production","2005","2005","3050","FAO TIER 1","kilotonnes","199.6919","E","Estimated value",""
"GT","Emissions Totals","404","Kenya","7230","Emissions (N2O)","6517","Pre- and post- production","2005","2005","3050","FAO TIER 1","kilotonnes","0.8082","E","Estimated value",""
"GT","Emissions Totals","404","Kenya","7273","Emissions (CO2)","6517","Pre- and post- production","2005","2005","3050","FAO TIER 1","kilotonnes","700.3951","E","Estimated value",""
"GT","Emissions Totals","404","Kenya","7225","Emissions (CH4)","6517","Pre- and post- production","2006","2006","3050","FAO TIER 1","kilotonnes","202.1734","E","Estimated value",""
"GT","Emissions Totals","404","Kenya","7230","Emissions (N2O)","6517","Pre- and post- production","2006","2006","3050","FAO TIER 1","kilotonnes","0.8295","E","Estimated value",""
"GT","Emissions Totals","404","Kenya","7273","Emissions (CO2)","6517","Pre- and post- production","2006","2006","3050","FAO TIER 1","kilotonnes","742.6657","E","Estimated value",""
"GT","Emissions Totals","404","Kenya","7225","Emissions (CH4)","6517","Pre- and post- production","2007","2007","3050","FAO TIER 1","kilotonnes","205.1467","E","Estimated value",""
"GT","Emissions Totals","404","Kenya","7230","Emissions (N2O)","6517","Pre- and post- production","2007","2007","3050","FAO TIER 1","kilotonnes","0.835","E","Estimated value",""
"GT","Emissions Totals","404","Kenya","7273","Emissions (CO2)","6517","Pre- and post- production","2007","2007","3050","FAO TIER 1","kilotonnes","828.6171","E","Estimated value",""
"GT","Emissions Totals","404","Kenya","7225","Emissions (CH4)","6517","Pre- and post- production","2008","2008","3050","FAO TIER 1","kilotonnes","207.4163","E","Estimated value",""
"GT","Emissions Totals","404","Kenya","7230","Emissions (N2O)","6517","Pre- and post- production","2008","2008","3050","FAO TIER 1","kilotonnes","0.8345","E","Estimated value",""
"GT","Emissions Totals","404","Kenya","7273","Emissions (CO2)","6517","Pre- and post- production","2008","2008","3050","FAO TIER 1","kilotonnes","889.6242","E","Estimated value",""
"GT","Emissions Totals","404","Kenya","7225","Emissions (CH4)","6517","Pre- and post- production","2009","2009","3050","FAO TIER 1","kilotonnes","210.2957","E","Estimated value",""
"GT","Emissions Totals","404","Kenya","7230","Emissions (N2O)","6517","Pre- and post- production","2009","2009","3050","FAO TIER 1","kilotonnes","0.8937","E","Estimated value",""
"GT","Emissions Totals","404","Kenya","7273","Emissions (CO2)","6517","Pre- and post- production","2009","2009","3050","FAO TIER 1","kilotonnes","1005.6014","E","Estimated value",""
"GT","Emissions Totals","404","Kenya","7225","Emissions (CH4)","6517","Pre- and post- production","2010","2010","3050","FAO TIER 1","kilotonnes","212.53","E","Estimated value",""
"GT","Emissions Totals","404","Kenya","7230","Emissions (N2O)","6517","Pre- and post- production","2010","2010","3050","FAO TIER 1","kilotonnes","0.924","E","Estimated value",""
"GT","Emissions Totals","404","Kenya","7273","Emissions (CO2)","6517","Pre- and post- production","2010","2010","3050","FAO TIER 1","kilotonnes","1101.0833","E","Estimated value",""
"GT","Emissions Totals","404","Kenya","7225","Emissions (CH4)","6517","Pre- and post- production","2011","2011","3050","FAO TIER 1","kilotonnes","214.8998","E","Estimated value",""
"GT","Emissions Totals","404","Kenya","7230","Emissions (N2O)","6517","Pre- and post- production","2011","2011","3050","FAO TIER 1","kilotonnes","0.9943","E","Estimated value",""
"GT","Emissions Totals","404","Kenya","7273","Emissions (CO2)","6517","Pre- and post- production","2011","2011","3050","FAO TIER 1","kilotonnes","974.3798","E","Estimated value",""
"GT","Emissions Totals","404","Kenya","7225","Emissions (CH4)","6517","Pre- and post- production","2012","2012","3050","FAO TIER 1","kilotonnes","217.4367","E","Estimated value",""
"GT","Emissions Totals","404","Kenya","7230","Emissions (N2O)","6517","Pre- and post- production","2012","2012","3050","FAO TIER 1","kilotonnes","1.0157","E","Estimated value",""
"GT","Emissions Totals","404","Kenya","7273","Emissions (CO2)","6517","Pre- and post- production","2012","2012","3050","FAO TIER 1","kilotonnes","1071.6023","E","Estimated value",""
"GT","Emissions Totals","404","Kenya","7225","Emissions (CH4)","6517","Pre- and post- production","2013","2013","3050","FAO TIER 1","kilotonnes","220.3606","E","Estimated value",""
"GT","Emissions Totals","404","Kenya","7230","Emissions (N2O)","6517","Pre- and post- production","2013","2013","3050","FAO TIER 1","kilotonnes","1.0387","E","Estimated value",""
"GT","Emissions Totals","404","Kenya","7273","Emissions (CO2)","6517","Pre- and post- production","2013","2013","3050","FAO TIER 1","kilotonnes","1194.2919","E","Estimated value",""
"GT","Emissions Totals","404","Kenya","7225","Emissions (CH4)","6517","Pre- and post- production","2014","2014","3050","FAO TIER 1","kilotonnes","222.0787","E","Estimated value",""
"GT","Emissions Totals","404","Kenya","7230","Emissions (N2O)","6517","Pre- and post- production","2014","2014","3050","FAO TIER 1","kilotonnes","1.0664","E","Estimated value",""
"GT","Emissions Totals","404","Kenya","7273","Emissions (CO2)","6517","Pre- and post- production","2014","2014","3050","FAO TIER 1","kilotonnes","1376.0055","E","Estimated value",""
"GT","Emissions Totals","404","Kenya","7225","Emissions (CH4)","6517","Pre- and post- production","2015","2015","3050","FAO TIER 1","kilotonnes","223.7799","E","Estimated value",""
"GT","Emissions Totals","404","Kenya","7230","Emissions (N2O)","6517","Pre- and post- production","2015","2015","3050","FAO TIER 1","kilotonnes","1.1178","E","Estimated value",""
"GT","Emissions Totals","404","Kenya","7273","Emissions (CO2)","6517","Pre- and post- production","2015","2015","3050","FAO TIER 1","kilotonnes","1623.5143","E","Estimated value",""
"GT","Emissions Totals","404","Kenya","7225","Emissions (CH4)","6517","Pre- and post- production","2016","2016","3050","FAO TIER 1","kilotonnes","225.8615","E","Estimated value",""
"GT","Emissions Totals","404","Kenya","7230","Emissions (N2O)","6517","Pre- and post- production","2016","2016","3050","FAO TIER 1","kilotonnes","1.1428","E","Estimated value",""
"GT","Emissions Totals","404","Kenya","7273","Emissions (CO2)","6517","Pre- and post- production","2016","2016","3050","FAO TIER 1","kilotonnes","1716.3391","E","Estimated value",""
"GT","Emissions Totals","404","Kenya","7225","Emissions (CH4)","6517","Pre- and post- production","2017","2017","3050","FAO TIER 1","kilotonnes","228.2505","E","Estimated value",""
"GT","Emissions Totals","404","Kenya","7230","Emissions (N2O)","6517","Pre- and post- production","2017","2017","3050","FAO TIER 1","kilotonnes","1.1481","E","Estimated value",""
"GT","Emissions Totals","404","Kenya","7273","Emissions (CO2)","6517","Pre- and post- production","2017","2017","3050","FAO TIER 1","kilotonnes","1754.4087","E","Estimated value",""
"GT","Emissions Totals","404","Kenya","7225","Emissions (CH4)","6517","Pre- and post- production","2018","2018","3050","FAO TIER 1","kilotonnes","230.5339","E","Estimated value",""
"GT","Emissions Totals","404","Kenya","7230","Emissions (N2O)","6517","Pre- and post- production","2018","2018","3050","FAO TIER 1","kilotonnes","1.1865","E","Estimated value",""
"GT","Emissions Totals","404","Kenya","7273","Emissions (CO2)","6517","Pre- and post- production","2018","2018","3050","FAO TIER 1","kilotonnes","1634.8261","E","Estimated value",""
"GT","Emissions Totals","404","Kenya","7225","Emissions (CH4)","6517","Pre- and post- production","2019","2019","3050","FAO TIER 1","kilotonnes","232.3153","E","Estimated value",""
"GT","Emissions Totals","404","Kenya","7230","Emissions (N2O)","6517","Pre- and post- production","2019","2019","3050","FAO TIER 1","kilotonnes","1.2169","E","Estimated value",""
"GT","Emissions Totals","404","Kenya","7273","Emissions (CO2)","6517","Pre- and post- production","2019","2019","3050","FAO TIER 1","kilotonnes","1472.3456","E","Estimated value",""
"GT","Emissions Totals","404","Kenya","7225","Emissions (CH4)","6517","Pre- and post- production","2020","2020","3050","FAO TIER 1","kilotonnes","234.0679","E","Estimated value",""
"GT","Emissions Totals","404","Kenya","7230","Emissions (N2O)","6517","Pre- and post- production","2020","2020","3050","FAO TIER 1","kilotonnes","1.2527","E","Estimated value",""
"GT","Emissions Totals","404","Kenya","7273","Emissions (CO2)","6517","Pre- and post- production","2020","2020","3050","FAO TIER 1","kilotonnes","1310.7595","E","Estimated value",""
"GT","Emissions Totals","404","Kenya","7225","Emissions (CH4)","6518","Agrifood systems","1990","1990","3050","FAO TIER 1","kilotonnes","832.9862","E","Estimated value",""
"GT","Emissions Totals","404","Kenya","7230","Emissions (N2O)","6518","Agrifood systems","1990","1990","3050","FAO TIER 1","kilotonnes","33.5247","E","Estimated value",""
"GT","Emissions Totals","404","Kenya","7273","Emissions (CO2)","6518","Agrifood systems","1990","1990","3050","FAO TIER 1","kilotonnes","845.4142","E","Estimated value",""
"GT","Emissions Totals","404","Kenya","7225","Emissions (CH4)","6518","Agrifood systems","1991","1991","3050","FAO TIER 1","kilotonnes","806.1512","E","Estimated value",""
"GT","Emissions Totals","404","Kenya","7230","Emissions (N2O)","6518","Agrifood systems","1991","1991","3050","FAO TIER 1","kilotonnes","32.3026","E","Estimated value",""
"GT","Emissions Totals","404","Kenya","7273","Emissions (CO2)","6518","Agrifood systems","1991","1991","3050","FAO TIER 1","kilotonnes","783.6542","E","Estimated value",""
"GT","Emissions Totals","404","Kenya","7225","Emissions (CH4)","6518","Agrifood systems","1992","1992","3050","FAO TIER 1","kilotonnes","803.7121","E","Estimated value",""
"GT","Emissions Totals","404","Kenya","7230","Emissions (N2O)","6518","Agrifood systems","1992","1992","3050","FAO TIER 1","kilotonnes","32.1027","E","Estimated value",""
"GT","Emissions Totals","404","Kenya","7273","Emissions (CO2)","6518","Agrifood systems","1992","1992","3050","FAO TIER 1","kilotonnes","823.9095","E","Estimated value",""
"GT","Emissions Totals","404","Kenya","7225","Emissions (CH4)","6518","Agrifood systems","1993","1993","3050","FAO TIER 1","kilotonnes","800.6347","E","Estimated value",""
"GT","Emissions Totals","404","Kenya","7230","Emissions (N2O)","6518","Agrifood systems","1993","1993","3050","FAO TIER 1","kilotonnes","31.7233","E","Estimated value",""
"GT","Emissions Totals","404","Kenya","7273","Emissions (CO2)","6518","Agrifood systems","1993","1993","3050","FAO TIER 1","kilotonnes","815.3793","E","Estimated value",""
"GT","Emissions Totals","404","Kenya","7225","Emissions (CH4)","6518","Agrifood systems","1994","1994","3050","FAO TIER 1","kilotonnes","803.6072","E","Estimated value",""
"GT","Emissions Totals","404","Kenya","7230","Emissions (N2O)","6518","Agrifood systems","1994","1994","3050","FAO TIER 1","kilotonnes","32.176","E","Estimated value",""
"GT","Emissions Totals","404","Kenya","7273","Emissions (CO2)","6518","Agrifood systems","1994","1994","3050","FAO TIER 1","kilotonnes","923.0878","E","Estimated value",""
"GT","Emissions Totals","404","Kenya","7225","Emissions (CH4)","6518","Agrifood systems","1995","1995","3050","FAO TIER 1","kilotonnes","802.0276","E","Estimated value",""
"GT","Emissions Totals","404","Kenya","7230","Emissions (N2O)","6518","Agrifood systems","1995","1995","3050","FAO TIER 1","kilotonnes","31.6317","E","Estimated value",""
"GT","Emissions Totals","404","Kenya","7273","Emissions (CO2)","6518","Agrifood systems","1995","1995","3050","FAO TIER 1","kilotonnes","977.3406","E","Estimated value",""
"GT","Emissions Totals","404","Kenya","7225","Emissions (CH4)","6518","Agrifood systems","1996","1996","3050","FAO TIER 1","kilotonnes","763.6573","E","Estimated value",""
"GT","Emissions Totals","404","Kenya","7230","Emissions (N2O)","6518","Agrifood systems","1996","1996","3050","FAO TIER 1","kilotonnes","30.3105","E","Estimated value",""
"GT","Emissions Totals","404","Kenya","7273","Emissions (CO2)","6518","Agrifood systems","1996","1996","3050","FAO TIER 1","kilotonnes","1083.736","E","Estimated value",""
"GT","Emissions Totals","404","Kenya","7225","Emissions (CH4)","6518","Agrifood systems","1997","1997","3050","FAO TIER 1","kilotonnes","763.8327","E","Estimated value",""
"GT","Emissions Totals","404","Kenya","7230","Emissions (N2O)","6518","Agrifood systems","1997","1997","3050","FAO TIER 1","kilotonnes","30.1142","E","Estimated value",""
"GT","Emissions Totals","404","Kenya","7273","Emissions (CO2)","6518","Agrifood systems","1997","1997","3050","FAO TIER 1","kilotonnes","954.4001","E","Estimated value",""
"GT","Emissions Totals","404","Kenya","7225","Emissions (CH4)","6518","Agrifood systems","1998","1998","3050","FAO TIER 1","kilotonnes","777.1426","E","Estimated value",""
"GT","Emissions Totals","404","Kenya","7230","Emissions (N2O)","6518","Agrifood systems","1998","1998","3050","FAO TIER 1","kilotonnes","31.172","E","Estimated value",""
"GT","Emissions Totals","404","Kenya","7273","Emissions (CO2)","6518","Agrifood systems","1998","1998","3050","FAO TIER 1","kilotonnes","1039.571","E","Estimated value",""
"GT","Emissions Totals","404","Kenya","7225","Emissions (CH4)","6518","Agrifood systems","1999","1999","3050","FAO TIER 1","kilotonnes","820.0545","E","Estimated value",""
"GT","Emissions Totals","404","Kenya","7230","Emissions (N2O)","6518","Agrifood systems","1999","1999","3050","FAO TIER 1","kilotonnes","32.7332","E","Estimated value",""
"GT","Emissions Totals","404","Kenya","7273","Emissions (CO2)","6518","Agrifood systems","1999","1999","3050","FAO TIER 1","kilotonnes","1082.576","E","Estimated value",""
"GT","Emissions Totals","404","Kenya","7225","Emissions (CH4)","6518","Agrifood systems","2000","2000","3050","FAO TIER 1","kilotonnes","765.0346","E","Estimated value",""
"GT","Emissions Totals","404","Kenya","7230","Emissions (N2O)","6518","Agrifood systems","2000","2000","3050","FAO TIER 1","kilotonnes","30.2782","E","Estimated value",""
"GT","Emissions Totals","404","Kenya","7273","Emissions (CO2)","6518","Agrifood systems","2000","2000","3050","FAO TIER 1","kilotonnes","1108.1216","E","Estimated value",""
"GT","Emissions Totals","404","Kenya","7225","Emissions (CH4)","6518","Agrifood systems","2001","2001","3050","FAO TIER 1","kilotonnes","764.1349","E","Estimated value",""
"GT","Emissions Totals","404","Kenya","7230","Emissions (N2O)","6518","Agrifood systems","2001","2001","3050","FAO TIER 1","kilotonnes","30.5152","E","Estimated value",""
"GT","Emissions Totals","404","Kenya","7273","Emissions (CO2)","6518","Agrifood systems","2001","2001","3050","FAO TIER 1","kilotonnes","16050.3794","E","Estimated value",""
"GT","Emissions Totals","404","Kenya","7225","Emissions (CH4)","6518","Agrifood systems","2002","2002","3050","FAO TIER 1","kilotonnes","793.7795","E","Estimated value",""
"GT","Emissions Totals","404","Kenya","7230","Emissions (N2O)","6518","Agrifood systems","2002","2002","3050","FAO TIER 1","kilotonnes","31.5356","E","Estimated value",""
"GT","Emissions Totals","404","Kenya","7273","Emissions (CO2)","6518","Agrifood systems","2002","2002","3050","FAO TIER 1","kilotonnes","16030.2316","E","Estimated value",""
"GT","Emissions Totals","404","Kenya","7225","Emissions (CH4)","6518","Agrifood systems","2003","2003","3050","FAO TIER 1","kilotonnes","837.9402","E","Estimated value",""
"GT","Emissions Totals","404","Kenya","7230","Emissions (N2O)","6518","Agrifood systems","2003","2003","3050","FAO TIER 1","kilotonnes","33.7799","E","Estimated value",""
"GT","Emissions Totals","404","Kenya","7273","Emissions (CO2)","6518","Agrifood systems","2003","2003","3050","FAO TIER 1","kilotonnes","15976.2174","E","Estimated value",""
"GT","Emissions Totals","404","Kenya","7225","Emissions (CH4)","6518","Agrifood systems","2004","2004","3050","FAO TIER 1","kilotonnes","884.839","E","Estimated value",""
"GT","Emissions Totals","404","Kenya","7230","Emissions (N2O)","6518","Agrifood systems","2004","2004","3050","FAO TIER 1","kilotonnes","35.3634","E","Estimated value",""
"GT","Emissions Totals","404","Kenya","7273","Emissions (CO2)","6518","Agrifood systems","2004","2004","3050","FAO TIER 1","kilotonnes","16024.9661","E","Estimated value",""
"GT","Emissions Totals","404","Kenya","7225","Emissions (CH4)","6518","Agrifood systems","2005","2005","3050","FAO TIER 1","kilotonnes","861.4804","E","Estimated value",""
"GT","Emissions Totals","404","Kenya","7230","Emissions (N2O)","6518","Agrifood systems","2005","2005","3050","FAO TIER 1","kilotonnes","35.0514","E","Estimated value",""
"GT","Emissions Totals","404","Kenya","7273","Emissions (CO2)","6518","Agrifood systems","2005","2005","3050","FAO TIER 1","kilotonnes","16082.6571","E","Estimated value",""
"GT","Emissions Totals","404","Kenya","7225","Emissions (CH4)","6518","Agrifood systems","2006","2006","3050","FAO TIER 1","kilotonnes","847.6127","E","Estimated value",""
"GT","Emissions Totals","404","Kenya","7230","Emissions (N2O)","6518","Agrifood systems","2006","2006","3050","FAO TIER 1","kilotonnes","33.679","E","Estimated value",""
"GT","Emissions Totals","404","Kenya","7273","Emissions (CO2)","6518","Agrifood systems","2006","2006","3050","FAO TIER 1","kilotonnes","16182.5965","E","Estimated value",""
"GT","Emissions Totals","404","Kenya","7225","Emissions (CH4)","6518","Agrifood systems","2007","2007","3050","FAO TIER 1","kilotonnes","1274.9754","E","Estimated value",""
"GT","Emissions Totals","404","Kenya","7230","Emissions (N2O)","6518","Agrifood systems","2007","2007","3050","FAO TIER 1","kilotonnes","52.8133","E","Estimated value",""
"GT","Emissions Totals","404","Kenya","7273","Emissions (CO2)","6518","Agrifood systems","2007","2007","3050","FAO TIER 1","kilotonnes","16336.82","E","Estimated value",""
"GT","Emissions Totals","404","Kenya","7225","Emissions (CH4)","6518","Agrifood systems","2008","2008","3050","FAO TIER 1","kilotonnes","1292.1575","E","Estimated value",""
"GT","Emissions Totals","404","Kenya","7230","Emissions (N2O)","6518","Agrifood systems","2008","2008","3050","FAO TIER 1","kilotonnes","52.7629","E","Estimated value",""
"GT","Emissions Totals","404","Kenya","7273","Emissions (CO2)","6518","Agrifood systems","2008","2008","3050","FAO TIER 1","kilotonnes","16385.5674","E","Estimated value",""
"GT","Emissions Totals","404","Kenya","7225","Emissions (CH4)","6518","Agrifood systems","2009","2009","3050","FAO TIER 1","kilotonnes","1245.0762","E","Estimated value",""
"GT","Emissions Totals","404","Kenya","7230","Emissions (N2O)","6518","Agrifood systems","2009","2009","3050","FAO TIER 1","kilotonnes","51.1781","E","Estimated value",""
"GT","Emissions Totals","404","Kenya","7273","Emissions (CO2)","6518","Agrifood systems","2009","2009","3050","FAO TIER 1","kilotonnes","16522.2022","E","Estimated value",""
"GT","Emissions Totals","404","Kenya","7225","Emissions (CH4)","6518","Agrifood systems","2010","2010","3050","FAO TIER 1","kilotonnes","1251.5257","E","Estimated value",""
"GT","Emissions Totals","404","Kenya","7230","Emissions (N2O)","6518","Agrifood systems","2010","2010","3050","FAO TIER 1","kilotonnes","51.641","E","Estimated value",""
"GT","Emissions Totals","404","Kenya","7273","Emissions (CO2)","6518","Agrifood systems","2010","2010","3050","FAO TIER 1","kilotonnes","16536.0854","E","Estimated value",""
"GT","Emissions Totals","404","Kenya","7225","Emissions (CH4)","6518","Agrifood systems","2011","2011","3050","FAO TIER 1","kilotonnes","1280.9149","E","Estimated value",""
"GT","Emissions Totals","404","Kenya","7230","Emissions (N2O)","6518","Agrifood systems","2011","2011","3050","FAO TIER 1","kilotonnes","53.3232","E","Estimated value",""
"GT","Emissions Totals","404","Kenya","7273","Emissions (CO2)","6518","Agrifood systems","2011","2011","3050","FAO TIER 1","kilotonnes","9682.4492","E","Estimated value",""
"GT","Emissions Totals","404","Kenya","7225","Emissions (CH4)","6518","Agrifood systems","2012","2012","3050","FAO TIER 1","kilotonnes","1272.62","E","Estimated value",""
"GT","Emissions Totals","404","Kenya","7230","Emissions (N2O)","6518","Agrifood systems","2012","2012","3050","FAO TIER 1","kilotonnes","53.5739","E","Estimated value",""
"GT","Emissions Totals","404","Kenya","7273","Emissions (CO2)","6518","Agrifood systems","2012","2012","3050","FAO TIER 1","kilotonnes","9683.2724","E","Estimated value",""
"GT","Emissions Totals","404","Kenya","7225","Emissions (CH4)","6518","Agrifood systems","2013","2013","3050","FAO TIER 1","kilotonnes","1252.5159","E","Estimated value",""
"GT","Emissions Totals","404","Kenya","7230","Emissions (N2O)","6518","Agrifood systems","2013","2013","3050","FAO TIER 1","kilotonnes","52.9074","E","Estimated value",""
"GT","Emissions Totals","404","Kenya","7273","Emissions (CO2)","6518","Agrifood systems","2013","2013","3050","FAO TIER 1","kilotonnes","9805.4685","E","Estimated value",""
"GT","Emissions Totals","404","Kenya","7225","Emissions (CH4)","6518","Agrifood systems","2014","2014","3050","FAO TIER 1","kilotonnes","1268.0937","E","Estimated value",""
"GT","Emissions Totals","404","Kenya","7230","Emissions (N2O)","6518","Agrifood systems","2014","2014","3050","FAO TIER 1","kilotonnes","53.3974","E","Estimated value",""
"GT","Emissions Totals","404","Kenya","7273","Emissions (CO2)","6518","Agrifood systems","2014","2014","3050","FAO TIER 1","kilotonnes","9899.7669","E","Estimated value",""
"GT","Emissions Totals","404","Kenya","7225","Emissions (CH4)","6518","Agrifood systems","2015","2015","3050","FAO TIER 1","kilotonnes","1285.0029","E","Estimated value",""
"GT","Emissions Totals","404","Kenya","7230","Emissions (N2O)","6518","Agrifood systems","2015","2015","3050","FAO TIER 1","kilotonnes","53.0732","E","Estimated value",""
"GT","Emissions Totals","404","Kenya","7273","Emissions (CO2)","6518","Agrifood systems","2015","2015","3050","FAO TIER 1","kilotonnes","10063.8145","E","Estimated value",""
"GT","Emissions Totals","404","Kenya","7225","Emissions (CH4)","6518","Agrifood systems","2016","2016","3050","FAO TIER 1","kilotonnes","1383.6795","E","Estimated value",""
"GT","Emissions Totals","404","Kenya","7230","Emissions (N2O)","6518","Agrifood systems","2016","2016","3050","FAO TIER 1","kilotonnes","58.1142","E","Estimated value",""
"GT","Emissions Totals","404","Kenya","7273","Emissions (CO2)","6518","Agrifood systems","2016","2016","3050","FAO TIER 1","kilotonnes","2021.6778","E","Estimated value",""
"GT","Emissions Totals","404","Kenya","7225","Emissions (CH4)","6518","Agrifood systems","2017","2017","3050","FAO TIER 1","kilotonnes","1297.925","E","Estimated value",""
"GT","Emissions Totals","404","Kenya","7230","Emissions (N2O)","6518","Agrifood systems","2017","2017","3050","FAO TIER 1","kilotonnes","54.5471","E","Estimated value",""
"GT","Emissions Totals","404","Kenya","7273","Emissions (CO2)","6518","Agrifood systems","2017","2017","3050","FAO TIER 1","kilotonnes","2103.0812","E","Estimated value",""
"GT","Emissions Totals","404","Kenya","7225","Emissions (CH4)","6518","Agrifood systems","2018","2018","3050","FAO TIER 1","kilotonnes","1343.23","E","Estimated value",""
"GT","Emissions Totals","404","Kenya","7230","Emissions (N2O)","6518","Agrifood systems","2018","2018","3050","FAO TIER 1","kilotonnes","56.2854","E","Estimated value",""
"GT","Emissions Totals","404","Kenya","7273","Emissions (CO2)","6518","Agrifood systems","2018","2018","3050","FAO TIER 1","kilotonnes","1988.1059","E","Estimated value",""
"GT","Emissions Totals","404","Kenya","7225","Emissions (CH4)","6518","Agrifood systems","2019","2019","3050","FAO TIER 1","kilotonnes","1533.5123","E","Estimated value",""
"GT","Emissions Totals","404","Kenya","7230","Emissions (N2O)","6518","Agrifood systems","2019","2019","3050","FAO TIER 1","kilotonnes","64.799","E","Estimated value",""
"GT","Emissions Totals","404","Kenya","7273","Emissions (CO2)","6518","Agrifood systems","2019","2019","3050","FAO TIER 1","kilotonnes","1824.5525","E","Estimated value",""
"GT","Emissions Totals","404","Kenya","7225","Emissions (CH4)","6518","Agrifood systems","2020","2020","3050","FAO TIER 1","kilotonnes","1561.3411","E","Estimated value",""
"GT","Emissions Totals","404","Kenya","7230","Emissions (N2O)","6518","Agrifood systems","2020","2020","3050","FAO TIER 1","kilotonnes","67.2182","E","Estimated value",""
"GT","Emissions Totals","404","Kenya","7273","Emissions (CO2)","6518","Agrifood systems","2020","2020","3050","FAO TIER 1","kilotonnes","1662.9664","E","Estimated value",""
"GT","Emissions Totals","404","Kenya","7230","Emissions (N2O)","1709","Agricultural Soils","1961","1961","3050","FAO TIER 1","kilotonnes","15.1671","E","Estimated value",""
"GT","Emissions Totals","404","Kenya","7230","Emissions (N2O)","1709","Agricultural Soils","1962","1962","3050","FAO TIER 1","kilotonnes","15.4473","E","Estimated value",""
"GT","Emissions Totals","404","Kenya","7230","Emissions (N2O)","1709","Agricultural Soils","1963","1963","3050","FAO TIER 1","kilotonnes","14.7931","E","Estimated value",""
"GT","Emissions Totals","404","Kenya","7230","Emissions (N2O)","1709","Agricultural Soils","1964","1964","3050","FAO TIER 1","kilotonnes","15.9464","E","Estimated value",""
"GT","Emissions Totals","404","Kenya","7230","Emissions (N2O)","1709","Agricultural Soils","1965","1965","3050","FAO TIER 1","kilotonnes","16.2503","E","Estimated value",""
"GT","Emissions Totals","404","Kenya","7230","Emissions (N2O)","1709","Agricultural Soils","1966","1966","3050","FAO TIER 1","kilotonnes","16.5874","E","Estimated value",""
"GT","Emissions Totals","404","Kenya","7230","Emissions (N2O)","1709","Agricultural Soils","1967","1967","3050","FAO TIER 1","kilotonnes","16.6493","E","Estimated value",""
"GT","Emissions Totals","404","Kenya","7230","Emissions (N2O)","1709","Agricultural Soils","1968","1968","3050","FAO TIER 1","kilotonnes","16.6936","E","Estimated value",""
"GT","Emissions Totals","404","Kenya","7230","Emissions (N2O)","1709","Agricultural Soils","1969","1969","3050","FAO TIER 1","kilotonnes","16.7106","E","Estimated value",""
"GT","Emissions Totals","404","Kenya","7230","Emissions (N2O)","1709","Agricultural Soils","1970","1970","3050","FAO TIER 1","kilotonnes","17.9012","E","Estimated value",""
"GT","Emissions Totals","404","Kenya","7230","Emissions (N2O)","1709","Agricultural Soils","1971","1971","3050","FAO TIER 1","kilotonnes","18.3584","E","Estimated value",""
"GT","Emissions Totals","404","Kenya","7230","Emissions (N2O)","1709","Agricultural Soils","1972","1972","3050","FAO TIER 1","kilotonnes","18.8726","E","Estimated value",""
"GT","Emissions Totals","404","Kenya","7230","Emissions (N2O)","1709","Agricultural Soils","1973","1973","3050","FAO TIER 1","kilotonnes","19.1095","E","Estimated value",""
"GT","Emissions Totals","404","Kenya","7230","Emissions (N2O)","1709","Agricultural Soils","1974","1974","3050","FAO TIER 1","kilotonnes","19.2831","E","Estimated value",""
"GT","Emissions Totals","404","Kenya","7230","Emissions (N2O)","1709","Agricultural Soils","1975","1975","3050","FAO TIER 1","kilotonnes","19.673","E","Estimated value",""
"GT","Emissions Totals","404","Kenya","7230","Emissions (N2O)","1709","Agricultural Soils","1976","1976","3050","FAO TIER 1","kilotonnes","19.5105","E","Estimated value",""
"GT","Emissions Totals","404","Kenya","7230","Emissions (N2O)","1709","Agricultural Soils","1977","1977","3050","FAO TIER 1","kilotonnes","20.2095","E","Estimated value",""
"GT","Emissions Totals","404","Kenya","7230","Emissions (N2O)","1709","Agricultural Soils","1978","1978","3050","FAO TIER 1","kilotonnes","22.1338","E","Estimated value",""
"GT","Emissions Totals","404","Kenya","7230","Emissions (N2O)","1709","Agricultural Soils","1979","1979","3050","FAO TIER 1","kilotonnes","24.1458","E","Estimated value",""
"GT","Emissions Totals","404","Kenya","7230","Emissions (N2O)","1709","Agricultural Soils","1980","1980","3050","FAO TIER 1","kilotonnes","22.0222","E","Estimated value",""
"GT","Emissions Totals","404","Kenya","7230","Emissions (N2O)","1709","Agricultural Soils","1981","1981","3050","FAO TIER 1","kilotonnes","21.832","E","Estimated value",""
"GT","Emissions Totals","404","Kenya","7230","Emissions (N2O)","1709","Agricultural Soils","1982","1982","3050","FAO TIER 1","kilotonnes","24.0077","E","Estimated value",""
"GT","Emissions Totals","404","Kenya","7230","Emissions (N2O)","1709","Agricultural Soils","1983","1983","3050","FAO TIER 1","kilotonnes","26.8302","E","Estimated value",""
"GT","Emissions Totals","404","Kenya","7230","Emissions (N2O)","1709","Agricultural Soils","1984","1984","3050","FAO TIER 1","kilotonnes","27.3377","E","Estimated value",""
"GT","Emissions Totals","404","Kenya","7230","Emissions (N2O)","1709","Agricultural Soils","1985","1985","3050","FAO TIER 1","kilotonnes","27.5393","E","Estimated value",""
"GT","Emissions Totals","404","Kenya","7230","Emissions (N2O)","1709","Agricultural Soils","1986","1986","3050","FAO TIER 1","kilotonnes","28.0713","E","Estimated value",""
"GT","Emissions Totals","404","Kenya","7230","Emissions (N2O)","1709","Agricultural Soils","1987","1987","3050","FAO TIER 1","kilotonnes","27.91","E","Estimated value",""
"GT","Emissions Totals","404","Kenya","7230","Emissions (N2O)","1709","Agricultural Soils","1988","1988","3050","FAO TIER 1","kilotonnes","30.3795","E","Estimated value",""
"GT","Emissions Totals","404","Kenya","7230","Emissions (N2O)","1709","Agricultural Soils","1989","1989","3050","FAO TIER 1","kilotonnes","31.5037","E","Estimated value",""
"GT","Emissions Totals","404","Kenya","7230","Emissions (N2O)","1709","Agricultural Soils","1990","1990","3050","FAO TIER 1","kilotonnes","32.1276","E","Estimated value",""
"GT","Emissions Totals","404","Kenya","7230","Emissions (N2O)","1709","Agricultural Soils","1991","1991","3050","FAO TIER 1","kilotonnes","30.9158","E","Estimated value",""
"GT","Emissions Totals","404","Kenya","7230","Emissions (N2O)","1709","Agricultural Soils","1992","1992","3050","FAO TIER 1","kilotonnes","30.7091","E","Estimated value",""
"GT","Emissions Totals","404","Kenya","7230","Emissions (N2O)","1709","Agricultural Soils","1993","1993","3050","FAO TIER 1","kilotonnes","30.315","E","Estimated value",""
"GT","Emissions Totals","404","Kenya","7230","Emissions (N2O)","1709","Agricultural Soils","1994","1994","3050","FAO TIER 1","kilotonnes","30.6816","E","Estimated value",""
"GT","Emissions Totals","404","Kenya","7230","Emissions (N2O)","1709","Agricultural Soils","1995","1995","3050","FAO TIER 1","kilotonnes","30.1082","E","Estimated value",""
"GT","Emissions Totals","404","Kenya","7230","Emissions (N2O)","1709","Agricultural Soils","1996","1996","3050","FAO TIER 1","kilotonnes","28.6657","E","Estimated value",""
"GT","Emissions Totals","404","Kenya","7230","Emissions (N2O)","1709","Agricultural Soils","1997","1997","3050","FAO TIER 1","kilotonnes","28.4943","E","Estimated value",""
"GT","Emissions Totals","404","Kenya","7230","Emissions (N2O)","1709","Agricultural Soils","1998","1998","3050","FAO TIER 1","kilotonnes","28.3659","E","Estimated value",""
"GT","Emissions Totals","404","Kenya","7230","Emissions (N2O)","1709","Agricultural Soils","1999","1999","3050","FAO TIER 1","kilotonnes","30.9309","E","Estimated value",""
"GT","Emissions Totals","404","Kenya","7230","Emissions (N2O)","1709","Agricultural Soils","2000","2000","3050","FAO TIER 1","kilotonnes","28.7322","E","Estimated value",""
"GT","Emissions Totals","404","Kenya","7230","Emissions (N2O)","1709","Agricultural Soils","2001","2001","3050","FAO TIER 1","kilotonnes","29.0025","E","Estimated value",""
"GT","Emissions Totals","404","Kenya","7230","Emissions (N2O)","1709","Agricultural Soils","2002","2002","3050","FAO TIER 1","kilotonnes","29.9517","E","Estimated value",""
"GT","Emissions Totals","404","Kenya","7230","Emissions (N2O)","1709","Agricultural Soils","2003","2003","3050","FAO TIER 1","kilotonnes","31.8246","E","Estimated value",""
"GT","Emissions Totals","404","Kenya","7230","Emissions (N2O)","1709","Agricultural Soils","2004","2004","3050","FAO TIER 1","kilotonnes","33.7501","E","Estimated value",""
"GT","Emissions Totals","404","Kenya","7230","Emissions (N2O)","1709","Agricultural Soils","2005","2005","3050","FAO TIER 1","kilotonnes","33.2902","E","Estimated value",""
"GT","Emissions Totals","404","Kenya","7230","Emissions (N2O)","1709","Agricultural Soils","2006","2006","3050","FAO TIER 1","kilotonnes","32.0426","E","Estimated value",""
"GT","Emissions Totals","404","Kenya","7230","Emissions (N2O)","1709","Agricultural Soils","2007","2007","3050","FAO TIER 1","kilotonnes","50.2999","E","Estimated value",""
"GT","Emissions Totals","404","Kenya","7230","Emissions (N2O)","1709","Agricultural Soils","2008","2008","3050","FAO TIER 1","kilotonnes","50.7821","E","Estimated value",""
"GT","Emissions Totals","404","Kenya","7230","Emissions (N2O)","1709","Agricultural Soils","2009","2009","3050","FAO TIER 1","kilotonnes","49.2892","E","Estimated value",""
"GT","Emissions Totals","404","Kenya","7230","Emissions (N2O)","1709","Agricultural Soils","2010","2010","3050","FAO TIER 1","kilotonnes","49.733","E","Estimated value",""
"GT","Emissions Totals","404","Kenya","7230","Emissions (N2O)","1709","Agricultural Soils","2011","2011","3050","FAO TIER 1","kilotonnes","51.3836","E","Estimated value",""
"GT","Emissions Totals","404","Kenya","7230","Emissions (N2O)","1709","Agricultural Soils","2012","2012","3050","FAO TIER 1","kilotonnes","50.6757","E","Estimated value",""
"GT","Emissions Totals","404","Kenya","7230","Emissions (N2O)","1709","Agricultural Soils","2013","2013","3050","FAO TIER 1","kilotonnes","50.7471","E","Estimated value",""
"GT","Emissions Totals","404","Kenya","7230","Emissions (N2O)","1709","Agricultural Soils","2014","2014","3050","FAO TIER 1","kilotonnes","51.2888","E","Estimated value",""
"GT","Emissions Totals","404","Kenya","7230","Emissions (N2O)","1709","Agricultural Soils","2015","2015","3050","FAO TIER 1","kilotonnes","50.9128","E","Estimated value",""
"GT","Emissions Totals","404","Kenya","7230","Emissions (N2O)","1709","Agricultural Soils","2016","2016","3050","FAO TIER 1","kilotonnes","55.8311","E","Estimated value",""
"GT","Emissions Totals","404","Kenya","7230","Emissions (N2O)","1709","Agricultural Soils","2017","2017","3050","FAO TIER 1","kilotonnes","52.4309","E","Estimated value",""
"GT","Emissions Totals","404","Kenya","7230","Emissions (N2O)","1709","Agricultural Soils","2018","2018","3050","FAO TIER 1","kilotonnes","54.0275","E","Estimated value",""
"GT","Emissions Totals","404","Kenya","7230","Emissions (N2O)","1709","Agricultural Soils","2019","2019","3050","FAO TIER 1","kilotonnes","62.3018","E","Estimated value",""
"GT","Emissions Totals","404","Kenya","7230","Emissions (N2O)","1709","Agricultural Soils","2020","2020","3050","FAO TIER 1","kilotonnes","64.3542","E","Estimated value",""
